Date,Country,Sales,Customers
2013-01-01,Francia,2946.48,187
2013-01-01,Inglaterra,141.92,7
2013-01-01,Francia,3113.06,141
2013-01-01,Francia,1429.22,150
2013-01-01,España,1232.64,69
2013-01-01,Francia,4884.42,197
2013-01-01,España,4180.96,245
2013-01-01,Francia,774.87,52
2013-01-02,Francia,4699.07,290
2013-01-02,Francia,3431.11,321
2013-01-02,Italia,1980.49,145
2013-01-02,Francia,2890.61,132
2013-01-02,Francia,4595.87,484
2013-01-03,España,1542.31,79
2013-01-03,España,1164.06,52
2013-01-03,España,2927.68,216
2013-01-03,Inglaterra,2262.66,248
2013-01-03,España,4114.23,247
2013-01-04,España,747.84,82
2013-01-04,Inglaterra,910.46,62
2013-01-04,Inglaterra,3875.4,208
2013-01-05,Francia,2218.13,99
2013-01-05,España,3056.13,196
2013-01-05,Francia,1651.91,107
2013-01-05,Francia,2376.67,124
2013-01-06,Italia,3445.9,360
2013-01-06,España,1345.84,143
2013-01-06,España,2903.29,326
2013-01-06,Francia,4846.45,471
2013-01-07,Inglaterra,2295.83,102
2013-01-07,Francia,4050.43,207
2013-01-07,Inglaterra,4467.02,244
2013-01-07,España,4931.27,498
2013-01-07,Francia,2987.14,195
2013-01-08,Inglaterra,592.16,65
2013-01-08,Francia,4275.48,240
2013-01-08,Inglaterra,1419.43,70
2013-01-08,España,1801.12,73
2013-01-08,España,1708.53,176
2013-01-09,España,1511.93,64
2013-01-09,Francia,1560.9,67
2013-01-09,España,1721.35,195
2013-01-10,Francia,1344.03,83
2013-01-10,España,946.02,59
2013-01-10,Francia,2209.07,91
2013-01-10,España,2303.66,93
2013-01-10,Francia,3721.71,263
2013-01-11,España,2117.73,208
2013-01-11,España,4734.12,299
2013-01-11,Italia,3769.7,200
2013-01-11,Italia,3683.59,230
2013-01-11,Italia,2108.21,88
2013-01-12,Francia,4663.66,293
2013-01-12,Italia,4459.7,222
2013-01-12,Francia,4344.54,287
2013-01-12,Francia,2569.97,104
2013-01-12,Italia,3157.33,135
2013-01-12,España,791.19,34
2013-01-12,Inglaterra,3475.45,354
2013-01-12,Francia,2052.86,256
2013-01-12,Francia,3969.59,282
2013-01-13,Francia,2319.69,111
2013-01-13,Francia,2396.79,127
2013-01-13,Francia,1741.74,122
2013-01-13,Francia,655.65,29
2013-01-13,Francia,2497.43,119
2013-01-14,Inglaterra,4285.91,186
2013-01-14,Francia,3372.88,168
2013-01-14,Italia,1338.99,86
2013-01-14,Francia,1034.88,114
2013-01-15,Italia,1832.83,162
2013-01-15,España,2430.95,147
2013-01-15,Inglaterra,4091.09,263
2013-01-15,España,3816.39,225
2013-01-15,Inglaterra,3187.03,140
2013-01-16,Italia,629.92,35
2013-01-16,Italia,3395.98,139
2013-01-17,Italia,2460.33,177
2013-01-17,Inglaterra,4433.91,291
2013-01-17,Francia,2837.54,160
2013-01-17,España,4111.82,279
2013-01-17,Francia,4744.79,336
2013-01-17,Francia,3038.46,161
2013-01-17,Italia,3336.61,182
2013-01-18,Francia,4646.27,188
2013-01-18,España,116.6,7
2013-01-19,Francia,340.36,14
2013-01-19,Italia,3113.18,174
2013-01-19,Inglaterra,3076.05,182
2013-01-19,Francia,3881.17,219
2013-01-19,Francia,629.99,34
2013-01-19,España,1174.9,52
2013-01-19,España,3196.76,218
2013-01-19,España,3178.85,216
2013-01-19,Francia,2595.3,157
2013-01-19,Inglaterra,2038.67,119
2013-01-20,España,4486.02,190
2013-01-20,Italia,1262.03,59
2013-01-21,España,3606.81,222
2013-01-21,Italia,2666.1,125
2013-01-21,Italia,1034.67,45
2013-01-21,Italia,4711.59,225
2013-01-21,Francia,2757.56,178
2013-01-21,Italia,1441.97,177
2013-01-21,Inglaterra,620.9,45
2013-01-21,Francia,3307.65,178
2013-01-21,Francia,1095.45,46
2013-01-22,Francia,837.2,65
2013-01-22,Inglaterra,117.17,10
2013-01-22,España,4931.54,434
2013-01-22,Francia,2049.61,83
2013-01-22,Inglaterra,3880.28,160
2013-01-22,Italia,4935.37,439
2013-01-22,España,1274.09,90
2013-01-22,Italia,3181.42,156
2013-01-23,España,832.22,35
2013-01-23,Inglaterra,921.35,88
2013-01-23,Francia,2695.9,273
2013-01-23,Inglaterra,498.81,25
2013-01-23,Francia,3501.95,387
2013-01-24,Francia,250.85,24
2013-01-25,Francia,4707.15,254
2013-01-25,Italia,4217.65,209
2013-01-25,España,1787.7,214
2013-01-25,Francia,2275.33,130
2013-01-25,Italia,1297.82,55
2013-01-25,Francia,427.31,25
2013-01-26,Francia,694.39,71
2013-01-26,Francia,4960.44,508
2013-01-26,Francia,292.29,37
2013-01-27,Italia,1378.09,60
2013-01-27,Francia,3777.57,302
2013-01-27,Francia,3056.3,221
2013-01-27,Francia,538.44,47
2013-01-28,Francia,4145.79,200
2013-01-28,Italia,2871.27,216
2013-01-28,Italia,506.34,21
2013-01-28,Francia,4584.36,274
2013-01-28,Francia,2281.94,97
2013-01-29,Francia,128.44,7
2013-01-29,España,2853.3,121
2013-01-29,Inglaterra,2680.55,139
2013-01-29,Francia,112.03,10
2013-01-29,España,3871.04,427
2013-01-29,España,1476.33,87
2013-01-29,Inglaterra,3663.73,224
2013-01-29,Francia,919.26,44
2013-01-30,España,801.67,92
2013-01-30,Italia,1034.51,47
2013-01-30,Francia,4863.57,418
2013-01-31,Italia,2525.27,147
2013-01-31,Francia,4167.68,231
2013-01-31,Francia,2701.92,221
2013-02-01,Italia,2405.47,184
2013-02-01,Francia,3424.47,319
2013-02-01,España,2062.92,135
2013-02-02,Italia,4935.83,418
2013-02-02,Francia,4121.31,496
2013-02-03,Inglaterra,1195.12,100
2013-02-03,Francia,2031.87,128
2013-02-03,Italia,1122.84,88
2013-02-03,Italia,2833.05,213
2013-02-04,España,3618.23,190
2013-02-04,Francia,170.91,18
2013-02-04,Francia,3920.21,296
2013-02-04,España,4979.7,208
2013-02-04,España,4658.72,229
2013-02-05,Francia,1551.65,106
2013-02-05,España,4656.93,221
2013-02-05,España,4105.91,212
2013-02-05,España,3265.45,268
2013-02-05,Francia,4925.87,205
2013-02-06,España,4998.4,237
2013-02-06,España,2812.3,182
2013-02-06,Inglaterra,4748.42,404
2013-02-07,Francia,4966.54,232
2013-02-07,Francia,3432.78,199
2013-02-07,Francia,4167.87,363
2013-02-08,Francia,4629.15,539
2013-02-08,Francia,2789.8,142
2013-02-08,Italia,758.71,49
2013-02-08,Francia,3316.42,232
2013-02-08,Francia,1043.4,123
2013-02-08,Francia,2755.21,228
2013-02-09,España,1538.05,97
2013-02-09,Francia,3342.21,265
2013-02-09,Inglaterra,2665.99,125
2013-02-09,España,2126.86,91
2013-02-09,Francia,4898.32,243
2013-02-09,Inglaterra,4019.74,174
2013-02-10,Italia,2598.38,276
2013-02-10,Inglaterra,4133.13,220
2013-02-10,Italia,3675.53,335
2013-02-10,Francia,4007.7,228
2013-02-10,España,3383.91,187
2013-02-10,Francia,2189.57,139
2013-02-11,Italia,4202.48,331
2013-02-11,España,175.29,21
2013-02-11,Italia,4287.37,434
2013-02-12,Francia,1894.64,121
2013-02-12,Inglaterra,4414.85,339
2013-02-12,España,4181.98,180
2013-02-12,Italia,896.88,104
2013-02-12,Italia,3800.2,294
2013-02-12,Inglaterra,4888.2,540
2013-02-12,Francia,1343.11,65
2013-02-12,Francia,1879.33,136
2013-02-13,Francia,1467.4,64
2013-02-13,Francia,3589.72,183
2013-02-14,Inglaterra,833.4,50
2013-02-14,Inglaterra,2315.48,134
2013-02-14,Italia,3885.38,418
2013-02-15,Italia,3553.99,319
2013-02-15,Inglaterra,1906.52,95
2013-02-16,Francia,2580.53,205
2013-02-16,Italia,4242.55,240
2013-02-16,Francia,4838.23,432
2013-02-16,Francia,3752.97,246
2013-02-16,España,825.86,86
2013-02-17,Francia,2809.41,182
2013-02-17,España,2490.99,109
2013-02-17,Italia,3427.44,170
2013-02-17,Inglaterra,878.38,40
2013-02-18,Inglaterra,2014.68,135
2013-02-18,Italia,1789.96,84
2013-02-18,Italia,202.14,16
2013-02-18,Francia,4501.3,269
2013-02-19,Italia,4213.88,184
2013-02-19,Inglaterra,2645.32,300
2013-02-19,Inglaterra,559.25,27
2013-02-19,Francia,1131.06,113
2013-02-19,Inglaterra,3981.86,181
2013-02-20,España,1478.17,75
2013-02-20,Italia,3869.02,274
2013-02-20,España,2834.86,150
2013-02-20,Francia,1117.97,97
2013-02-21,Inglaterra,2743.23,255
2013-02-21,Inglaterra,3845.56,284
2013-02-21,España,950.83,89
2013-02-22,España,4029.41,244
2013-02-22,Francia,1114.72,138
2013-02-22,Inglaterra,1211.17,59
2013-02-22,Francia,110.49,5
2013-02-23,España,2754.04,308
2013-02-23,Inglaterra,2709.32,115
2013-02-23,Francia,3222.79,130
2013-02-23,Italia,4393.85,308
2013-02-23,Francia,3085.19,141
2013-02-23,Italia,3396.3,322
2013-02-23,Francia,2708.75,152
2013-02-24,España,2310.7,158
2013-02-24,Italia,3109.4,174
2013-02-24,Italia,3563.15,243
2013-02-24,Inglaterra,1312.02,163
2013-02-24,Italia,3657.92,270
2013-02-25,Francia,1401.12,85
2013-02-25,Francia,373.61,25
2013-02-25,Italia,1611.26,75
2013-02-25,Francia,3947.49,227
2013-02-26,Francia,4931.26,209
2013-02-26,Francia,1246.97,77
2013-02-27,Italia,1363.56,80
2013-02-27,España,3888.14,271
2013-02-27,Francia,1264.72,145
2013-02-27,Francia,3150.71,132
2013-02-27,Francia,2310.91,121
2013-02-27,Italia,1928.98,79
2013-02-28,Francia,1136.2,52
2013-02-28,Francia,4276.59,201
2013-02-28,Francia,1778.73,156
2013-02-28,España,3416.01,222
2013-03-01,Francia,1553.86,121
2013-03-01,Inglaterra,3970.57,396
2013-03-02,España,4850.71,322
2013-03-02,Italia,575.06,58
2013-03-02,Francia,2984.92,250
2013-03-02,Inglaterra,1068.47,120
2013-03-02,Francia,3906.62,343
2013-03-02,Inglaterra,2276.31,115
2013-03-03,España,4188.92,395
2013-03-03,Francia,2351.98,105
2013-03-03,Inglaterra,715.5,67
2013-03-04,Francia,2902.16,184
2013-03-04,España,2766.76,122
2013-03-04,Italia,135.38,7
2013-03-05,Italia,3779.55,173
2013-03-05,Inglaterra,524.72,51
2013-03-05,Inglaterra,3776.91,175
2013-03-06,Francia,2231.56,126
2013-03-06,Italia,2729.45,139
2013-03-06,Inglaterra,263.63,24
2013-03-06,Francia,1152.87,78
2013-03-07,España,4593.41,197
2013-03-07,Italia,2126.14,243
2013-03-08,Francia,3499.33,155
2013-03-08,Francia,1605.03,78
2013-03-08,España,2394.61,229
2013-03-09,Francia,958.36,51
2013-03-09,Francia,835.75,102
2013-03-09,Francia,2285.23,159
2013-03-10,España,1864.32,101
2013-03-10,Francia,4136.25,200
2013-03-10,Inglaterra,3609.03,262
2013-03-10,Francia,4792.55,465
2013-03-10,Inglaterra,1576.98,89
2013-03-11,Francia,496.26,37
2013-03-12,Francia,3911.28,172
2013-03-12,Francia,4264.88,244
2013-03-13,Francia,3260.98,201
2013-03-13,Italia,2650.0,164
2013-03-13,Francia,3893.44,190
2013-03-13,Italia,1529.13,171
2013-03-13,Francia,1728.32,118
2013-03-13,España,1641.98,84
2013-03-14,Francia,4913.1,287
2013-03-14,Italia,1148.22,79
2013-03-14,Italia,1766.53,189
2013-03-14,Francia,4250.53,251
2013-03-14,Italia,641.84,42
2013-03-14,Italia,2708.52,121
2013-03-14,Italia,2275.19,116
2013-03-14,España,1770.3,153
2013-03-15,Francia,3171.89,155
2013-03-15,Italia,4528.35,406
2013-03-16,Italia,4049.05,220
2013-03-16,España,3302.65,245
2013-03-16,España,4398.06,233
2013-03-16,Francia,2143.54,171
2013-03-16,Inglaterra,4415.67,223
2013-03-16,Francia,1638.01,99
2013-03-17,Italia,271.41,25
2013-03-17,Inglaterra,2943.07,118
2013-03-17,Francia,456.14,39
2013-03-17,España,684.57,45
2013-03-17,Francia,1003.22,42
2013-03-17,Francia,4172.58,356
2013-03-17,Inglaterra,3105.94,208
2013-03-18,España,2745.75,133
2013-03-18,Francia,4787.16,205
2013-03-19,Italia,3844.8,377
2013-03-19,Francia,687.22,36
2013-03-19,Francia,2809.58,174
2013-03-19,Francia,3519.21,333
2013-03-19,Francia,1510.89,65
2013-03-20,Francia,3082.57,185
2013-03-20,Francia,4158.78,167
2013-03-20,Francia,590.16,50
2013-03-20,Francia,4731.43,274
2013-03-20,Francia,3967.96,412
2013-03-20,España,2094.75,128
2013-03-21,Francia,1148.63,67
2013-03-22,Francia,2233.97,155
2013-03-23,Italia,1147.81,85
2013-03-23,Francia,4706.86,486
2013-03-23,Italia,826.58,99
2013-03-23,Italia,3744.31,188
2013-03-24,Italia,4711.98,429
2013-03-24,España,1209.02,51
2013-03-24,Inglaterra,4550.47,203
2013-03-24,Inglaterra,625.46,34
2013-03-24,Inglaterra,3271.08,161
2013-03-24,Italia,4743.49,297
2013-03-24,Inglaterra,475.44,33
2013-03-25,Francia,1797.18,86
2013-03-25,Italia,4496.69,255
2013-03-26,Francia,2966.99,201
2013-03-26,Francia,906.88,48
2013-03-26,Inglaterra,1628.66,71
2013-03-27,Francia,3588.22,296
2013-03-27,Francia,4548.66,293
2013-03-27,Francia,1078.67,57
2013-03-28,Italia,4177.0,233
2013-03-28,Francia,4776.3,586
2013-03-28,Francia,2913.92,157
2013-03-28,Francia,2376.24,101
2013-03-28,España,3374.47,206
2013-03-28,Francia,3185.24,140
2013-03-29,Francia,1067.28,53
2013-03-29,Francia,4304.18,234
2013-03-29,Francia,1437.32,106
2013-03-29,Inglaterra,994.4,46
2013-03-30,Francia,2461.53,122
2013-03-30,Francia,3767.14,398
2013-03-30,España,3079.06,155
2013-03-31,España,2388.14,148
2013-03-31,Francia,4803.65,589
2013-03-31,España,2879.1,229
2013-03-31,Italia,1918.22,160
2013-03-31,Francia,3099.61,212
2013-03-31,Francia,1495.02,105
2013-03-31,Inglaterra,511.61,28
2013-04-01,Francia,1662.37,72
2013-04-01,Francia,3150.33,140
2013-04-02,Francia,2908.43,131
2013-04-02,Francia,4468.13,231
2013-04-02,España,987.21,44
2013-04-02,Inglaterra,3313.31,310
2013-04-02,Italia,2623.4,238
2013-04-02,España,3073.92,128
2013-04-03,Italia,3480.96,177
2013-04-03,Inglaterra,3744.46,277
2013-04-03,Francia,2570.47,200
2013-04-03,Francia,2614.04,130
2013-04-03,Inglaterra,1534.89,159
2013-04-03,España,3497.99,146
2013-04-04,Francia,1281.91,67
2013-04-05,Francia,4531.92,244
2013-04-05,Italia,4514.72,254
2013-04-05,Inglaterra,2581.22,178
2013-04-05,Italia,3557.42,171
2013-04-06,España,955.46,64
2013-04-06,Francia,4516.86,365
2013-04-06,España,4425.44,345
2013-04-06,Italia,3759.18,252
2013-04-06,España,3763.12,162
2013-04-07,Francia,2757.98,118
2013-04-07,Italia,4668.9,242
2013-04-08,Italia,3553.5,442
2013-04-08,Italia,1736.98,77
2013-04-08,España,4868.98,361
2013-04-08,Francia,4593.2,374
2013-04-09,Francia,4682.73,223
2013-04-09,Inglaterra,3840.57,165
2013-04-09,Italia,2568.49,174
2013-04-09,España,2047.69,105
2013-04-09,España,3807.85,172
2013-04-10,España,3801.16,155
2013-04-10,España,925.2,60
2013-04-11,Francia,2014.44,167
2013-04-11,Italia,2803.58,162
2013-04-11,Francia,3352.46,150
2013-04-11,España,3996.19,212
2013-04-12,España,4387.45,501
2013-04-12,Inglaterra,1924.76,88
2013-04-12,Inglaterra,2268.69,200
2013-04-13,Italia,4308.19,464
2013-04-13,Italia,1615.35,117
2013-04-13,España,3881.87,333
2013-04-14,Francia,2832.54,134
2013-04-14,Italia,1496.05,60
2013-04-14,Francia,914.38,51
2013-04-14,Italia,2106.41,109
2013-04-14,Francia,848.0,35
2013-04-14,Francia,4021.59,232
2013-04-14,España,2237.82,100
2013-04-15,Inglaterra,1145.4,115
2013-04-15,Inglaterra,3107.19,141
2013-04-15,Inglaterra,1027.74,111
2013-04-15,Italia,4893.52,230
2013-04-15,Italia,1641.28,196
2013-04-16,Francia,4194.12,182
2013-04-16,Inglaterra,4011.28,267
2013-04-16,Francia,1292.51,95
2013-04-16,España,403.68,24
2013-04-16,Italia,2080.89,177
2013-04-17,Francia,2831.63,196
2013-04-17,Francia,941.77,51
2013-04-18,Francia,1318.59,78
2013-04-18,Italia,533.98,54
2013-04-18,Italia,1101.79,48
2013-04-18,Francia,2884.22,160
2013-04-19,Francia,2552.42,205
2013-04-19,Inglaterra,1918.75,80
2013-04-19,Inglaterra,2415.06,248
2013-04-19,Francia,867.51,37
2013-04-19,Francia,767.54,45
2013-04-19,Francia,4363.24,183
2013-04-19,España,2803.96,153
2013-04-19,Italia,4279.62,256
2013-04-20,Italia,3590.02,214
2013-04-21,España,3047.59,378
2013-04-21,Inglaterra,4867.0,269
2013-04-21,Francia,4222.41,453
2013-04-21,España,1166.56,77
2013-04-21,Francia,242.29,20
2013-04-21,Italia,3608.86,262
2013-04-21,España,515.32,22
2013-04-21,Francia,1121.78,59
2013-04-21,Francia,1618.66,106
2013-04-21,España,3647.58,212
2013-04-22,Italia,452.31,34
2013-04-22,Francia,277.65,29
2013-04-22,Francia,2773.26,119
2013-04-23,Italia,617.36,26
2013-04-23,Italia,3617.03,212
2013-04-23,Francia,2984.58,166
2013-04-23,Italia,1335.28,143
2013-04-23,Francia,2903.52,139
2013-04-23,Italia,4262.76,435
2013-04-23,Francia,1589.94,102
2013-04-23,Italia,1307.74,80
2013-04-23,Francia,3758.18,230
2013-04-24,Francia,366.61,25
2013-04-24,Italia,4506.76,204
2013-04-24,Inglaterra,2257.72,263
2013-04-24,Italia,4434.03,221
2013-04-24,Francia,989.39,46
2013-04-25,Francia,3162.12,160
2013-04-25,Italia,3006.22,148
2013-04-25,España,2829.62,166
2013-04-26,España,4878.0,465
2013-04-26,Italia,1432.25,139
2013-04-26,Italia,4858.26,492
2013-04-26,Francia,3793.64,291
2013-04-26,Francia,753.66,47
2013-04-26,España,998.97,48
2013-04-26,Francia,960.52,95
2013-04-26,Francia,3966.12,428
2013-04-27,Italia,1852.44,122
2013-04-27,Francia,2844.02,125
2013-04-27,Francia,2266.56,164
2013-04-28,Francia,271.04,32
2013-04-28,Italia,4701.5,278
2013-04-28,Italia,3494.76,270
2013-04-28,Inglaterra,240.29,11
2013-04-28,Italia,4703.46,245
2013-04-28,Francia,2233.64,238
2013-04-29,Francia,4767.01,192
2013-04-29,España,4516.8,234
2013-04-29,Francia,3507.83,316
2013-04-30,Francia,2082.81,202
2013-04-30,Italia,1588.23,188
2013-05-01,Inglaterra,4596.4,186
2013-05-01,Inglaterra,1780.38,123
2013-05-02,Inglaterra,1420.5,68
2013-05-02,Italia,2111.42,97
2013-05-02,España,4720.94,360
2013-05-02,Francia,4142.69,243
2013-05-02,España,2978.1,351
2013-05-02,Francia,727.86,31
2013-05-02,Inglaterra,3207.72,223
2013-05-03,Francia,470.66,35
2013-05-03,Francia,101.18,7
2013-05-03,Francia,4582.01,241
2013-05-03,España,1644.87,130
2013-05-04,Francia,1338.44,103
2013-05-04,Francia,3940.14,228
2013-05-04,España,3425.69,242
2013-05-04,Inglaterra,4457.59,538
2013-05-04,España,3844.68,164
2013-05-05,Francia,2289.49,92
2013-05-05,Francia,2755.97,191
2013-05-05,Francia,140.69,7
2013-05-05,España,1368.55,139
2013-05-05,Italia,1084.77,66
2013-05-05,Francia,886.73,54
2013-05-06,España,1879.63,209
2013-05-06,Italia,2347.96,224
2013-05-06,Francia,2988.58,173
2013-05-06,España,4110.86,182
2013-05-06,Francia,4670.14,239
2013-05-07,Italia,2418.75,157
2013-05-07,Inglaterra,2796.45,166
2013-05-07,Francia,1121.08,46
2013-05-08,España,3807.11,161
2013-05-08,España,3672.27,337
2013-05-08,Francia,377.41,24
2013-05-08,Italia,3427.73,141
2013-05-08,Inglaterra,2310.27,240
2013-05-09,Francia,2984.35,191
2013-05-09,Inglaterra,2510.51,130
2013-05-09,Francia,1177.63,55
2013-05-09,Francia,561.69,26
2013-05-09,Francia,1302.02,61
2013-05-09,Inglaterra,1359.23,81
2013-05-09,España,4123.51,319
2013-05-10,Francia,4859.87,235
2013-05-10,España,4539.16,419
2013-05-10,Francia,1417.63,153
2013-05-10,España,421.58,19
2013-05-10,Inglaterra,4565.22,306
2013-05-10,España,2415.06,169
2013-05-11,Francia,4633.8,262
2013-05-11,Italia,2554.75,233
2013-05-11,Francia,4932.95,321
2013-05-11,Francia,2765.08,124
2013-05-11,España,2348.69,108
2013-05-12,Francia,2404.22,176
2013-05-12,Inglaterra,3835.36,274
2013-05-12,Francia,1461.82,60
2013-05-12,Italia,447.93,23
2013-05-13,Francia,454.51,22
2013-05-13,Italia,4693.88,295
2013-05-13,España,2692.61,274
2013-05-14,Italia,355.06,25
2013-05-14,España,4454.81,205
2013-05-14,Italia,2945.04,187
2013-05-14,España,4520.88,294
2013-05-14,España,836.69,74
2013-05-14,España,1159.54,53
2013-05-15,Francia,3302.45,229
2013-05-15,España,2667.47,113
2013-05-15,Inglaterra,4309.03,365
2013-05-16,España,2215.41,103
2013-05-16,Inglaterra,1598.43,178
2013-05-17,Francia,298.45,29
2013-05-17,Francia,2845.32,123
2013-05-17,Francia,4835.41,275
2013-05-17,Francia,2393.61,117
2013-05-17,Francia,1997.93,182
2013-05-17,España,3812.52,158
2013-05-17,España,4336.92,176
2013-05-17,Francia,3194.22,201
2013-05-17,Francia,3308.67,145
2013-05-18,Francia,1848.3,216
2013-05-18,España,4743.25,378
2013-05-18,Italia,887.51,76
2013-05-18,Inglaterra,591.8,41
2013-05-18,Francia,1319.6,102
2013-05-19,Italia,3941.19,179
2013-05-19,Francia,3470.09,205
2013-05-19,Italia,2731.89,218
2013-05-19,Inglaterra,2991.57,355
2013-05-19,Francia,3624.06,298
2013-05-19,España,3896.66,222
2013-05-20,Francia,2303.48,143
2013-05-20,Italia,3893.88,448
2013-05-20,Francia,514.88,22
2013-05-20,Italia,3104.05,143
2013-05-20,España,144.13,13
2013-05-21,Francia,1921.83,134
2013-05-21,Francia,4226.83,234
2013-05-21,Italia,325.06,34
2013-05-21,Francia,3166.65,173
2013-05-21,Italia,153.72,13
2013-05-21,Italia,4574.9,197
2013-05-21,Francia,1056.81,46
2013-05-22,Inglaterra,4899.31,262
2013-05-22,Francia,154.04,18
2013-05-22,Italia,3983.26,197
2013-05-23,Francia,2857.01,168
2013-05-23,España,2874.31,233
2013-05-23,Italia,4740.73,262
2013-05-23,Italia,2324.27,96
2013-05-23,Inglaterra,719.49,88
2013-05-23,España,188.97,12
2013-05-23,España,1969.71,121
2013-05-24,Francia,1983.6,246
2013-05-24,Francia,2043.04,101
2013-05-24,Francia,700.34,33
2013-05-24,Francia,632.18,27
2013-05-24,Inglaterra,1883.01,76
2013-05-24,Francia,3428.65,343
2013-05-25,España,3101.2,237
2013-05-25,Italia,2188.78,116
2013-05-25,Italia,2334.14,118
2013-05-26,España,2503.25,126
2013-05-26,Italia,583.42,26
2013-05-26,Inglaterra,2053.34,89
2013-05-26,Francia,550.29,34
2013-05-26,Francia,4669.01,191
2013-05-27,Francia,799.65,86
2013-05-27,Francia,2852.0,250
2013-05-27,Inglaterra,669.29,39
2013-05-27,Francia,1107.58,53
2013-05-27,Italia,2706.36,163
2013-05-28,Inglaterra,4760.34,201
2013-05-28,Italia,176.67,10
2013-05-28,España,2132.67,114
2013-05-28,España,807.93,61
2013-05-28,Francia,3159.24,207
2013-05-28,Francia,3429.03,329
2013-05-29,Italia,593.4,24
2013-05-29,Francia,3579.71,201
2013-05-29,España,1574.69,67
2013-05-29,España,4707.55,553
2013-05-29,Francia,622.43,60
2013-05-29,España,4775.35,371
2013-05-29,Francia,4595.39,205
2013-05-30,España,4617.04,211
2013-05-30,España,3134.82,176
2013-05-31,Francia,115.3,9
2013-05-31,España,3344.71,186
2013-05-31,Francia,1084.17,52
2013-05-31,Francia,780.0,37
2013-06-01,España,821.64,46
2013-06-01,España,544.24,41
2013-06-01,España,4003.25,253
2013-06-01,Francia,2610.9,148
2013-06-02,Italia,2631.6,118
2013-06-02,España,2031.44,104
2013-06-02,Italia,3367.84,184
2013-06-02,Francia,1192.76,72
2013-06-03,Francia,1034.97,58
2013-06-03,Francia,2392.41,98
2013-06-03,Francia,1410.81,93
2013-06-03,España,1922.77,122
2013-06-03,Francia,235.39,29
2013-06-03,España,4196.15,195
2013-06-03,Francia,949.53,89
2013-06-03,Inglaterra,3305.42,159
2013-06-03,España,4201.34,309
2013-06-04,Inglaterra,4880.16,480
2013-06-04,Inglaterra,1375.04,70
2013-06-04,España,2113.13,257
2013-06-04,Francia,4005.24,451
2013-06-05,Francia,1150.85,95
2013-06-05,Francia,2875.31,269
2013-06-05,Italia,4389.11,366
2013-06-05,Francia,1716.1,180
2013-06-05,Francia,3450.28,317
2013-06-05,España,3889.19,252
2013-06-06,España,2598.46,120
2013-06-06,España,3593.84,191
2013-06-06,España,3717.14,163
2013-06-06,España,1837.38,113
2013-06-07,Italia,710.61,35
2013-06-08,Francia,3801.92,209
2013-06-08,Inglaterra,2238.12,196
2013-06-08,España,3381.64,303
2013-06-08,España,138.44,6
2013-06-08,Italia,4887.16,313
2013-06-09,Inglaterra,4931.21,532
2013-06-09,Inglaterra,414.26,25
2013-06-09,Inglaterra,4377.45,308
2013-06-09,Francia,3620.8,198
2013-06-09,España,763.36,44
2013-06-09,Francia,4984.0,204
2013-06-10,Inglaterra,4912.0,262
2013-06-10,España,2753.03,188
2013-06-10,Francia,2509.77,173
2013-06-10,España,995.2,47
2013-06-10,Inglaterra,4132.84,215
2013-06-11,Francia,2432.04,111
2013-06-11,Francia,4618.44,402
2013-06-11,España,1318.67,72
2013-06-11,Inglaterra,3163.54,144
2013-06-11,Francia,3834.93,322
2013-06-11,Italia,4875.59,266
2013-06-11,España,1136.45,57
2013-06-11,Inglaterra,1426.54,71
2013-06-12,Francia,451.38,24
2013-06-12,Francia,460.73,28
2013-06-12,Francia,2040.11,83
2013-06-12,Francia,3405.9,186
2013-06-13,Francia,241.13,20
2013-06-13,Italia,285.14,30
2013-06-13,Italia,4567.6,364
2013-06-13,Italia,1674.71,151
2013-06-13,España,4540.65,242
2013-06-14,España,2186.76,192
2013-06-14,Inglaterra,458.56,32
2013-06-14,Francia,2431.39,143
2013-06-14,Inglaterra,3664.25,198
2013-06-14,Francia,4640.13,192
2013-06-14,Italia,1479.61,78
2013-06-15,Italia,4991.17,206
2013-06-15,España,4483.87,269
2013-06-15,Francia,4002.09,234
2013-06-15,Inglaterra,4148.72,284
2013-06-15,España,2489.23,134
2013-06-15,España,3134.12,131
2013-06-15,Inglaterra,2651.05,127
2013-06-16,Italia,1737.81,73
2013-06-16,España,3941.9,230
2013-06-16,Inglaterra,537.11,27
2013-06-17,España,334.54,35
2013-06-18,España,1740.8,91
2013-06-19,Francia,4941.53,230
2013-06-19,Inglaterra,3521.34,171
2013-06-19,Francia,199.37,9
2013-06-19,Italia,3971.36,184
2013-06-19,España,1675.17,149
2013-06-19,España,4771.13,237
2013-06-20,España,583.89,30
2013-06-20,España,4544.88,205
2013-06-20,España,3229.63,151
2013-06-20,Inglaterra,2822.04,114
2013-06-20,Francia,2479.48,307
2013-06-20,Francia,3889.62,279
2013-06-20,Francia,1296.27,54
2013-06-20,Italia,3646.6,177
2013-06-21,Francia,1527.24,147
2013-06-21,Francia,4001.87,208
2013-06-21,Francia,1170.35,90
2013-06-21,España,1278.51,55
2013-06-22,Inglaterra,1810.08,154
2013-06-22,Francia,1445.4,175
2013-06-22,Italia,547.1,37
2013-06-22,Italia,222.52,13
2013-06-22,Inglaterra,4437.62,406
2013-06-22,Francia,2384.33,160
2013-06-22,España,342.29,17
2013-06-23,España,603.88,65
2013-06-23,Francia,2811.66,127
2013-06-24,Italia,4421.74,183
2013-06-24,Francia,3563.86,438
2013-06-24,Francia,1635.69,70
2013-06-24,Italia,2431.87,127
2013-06-24,España,2154.08,150
2013-06-24,Francia,3397.74,191
2013-06-25,Francia,4831.57,203
2013-06-26,Italia,3778.98,171
2013-06-26,Francia,785.6,80
2013-06-26,Francia,1009.46,65
2013-06-26,España,804.09,33
2013-06-26,Francia,2836.73,171
2013-06-26,Francia,3276.02,219
2013-06-28,España,3789.06,368
2013-06-28,España,2656.98,287
2013-06-28,Francia,3966.81,198
2013-06-28,Inglaterra,1431.3,154
2013-06-28,Italia,1004.22,56
2013-06-28,Francia,618.32,28
2013-06-30,Francia,2458.42,192
2013-06-30,Francia,3075.61,327
2013-06-30,Italia,733.0,47
2013-07-01,España,1697.3,176
2013-07-01,Francia,1916.48,117
2013-07-02,Italia,590.32,58
2013-07-02,España,4279.33,304
2013-07-02,España,666.23,42
2013-07-02,Francia,2073.49,88
2013-07-02,Francia,2477.74,137
2013-07-02,España,3765.74,175
2013-07-02,Inglaterra,469.24,37
2013-07-02,Francia,1474.89,124
2013-07-02,Francia,1176.78,60
2013-07-03,Francia,1299.56,71
2013-07-03,Francia,540.93,35
2013-07-03,Francia,4301.33,178
2013-07-03,Francia,1529.45,113
2013-07-03,Francia,3205.52,239
2013-07-04,Francia,2158.66,209
2013-07-04,Francia,4669.23,232
2013-07-04,Italia,2461.35,156
2013-07-05,Francia,4192.7,209
2013-07-06,Inglaterra,652.22,47
2013-07-06,Francia,1092.09,44
2013-07-06,Francia,1039.33,70
2013-07-06,España,244.76,12
2013-07-06,Francia,4819.69,389
2013-07-06,España,2620.48,194
2013-07-06,Inglaterra,1800.44,79
2013-07-06,Italia,4360.35,205
2013-07-07,Inglaterra,1572.58,118
2013-07-07,España,2622.36,110
2013-07-07,Francia,3424.73,259
2013-07-07,Francia,362.78,24
2013-07-07,España,852.79,78
2013-07-07,Italia,4850.9,274
2013-07-07,España,662.45,28
2013-07-07,Francia,1161.76,54
2013-07-07,Francia,693.58,59
2013-07-08,Francia,2681.33,302
2013-07-08,Francia,2405.12,134
2013-07-08,Italia,4766.86,566
2013-07-08,Francia,161.95,7
2013-07-09,Francia,3431.2,390
2013-07-09,Italia,4687.12,295
2013-07-09,España,553.62,36
2013-07-09,Francia,540.4,58
2013-07-09,Francia,4976.28,601
2013-07-09,España,2611.7,234
2013-07-09,Inglaterra,3286.79,287
2013-07-10,Francia,4155.59,373
2013-07-10,Italia,3038.24,201
2013-07-10,España,464.22,27
2013-07-10,Italia,3229.74,273
2013-07-10,España,3254.95,185
2013-07-10,España,1308.43,55
2013-07-11,Francia,327.13,15
2013-07-11,Francia,4795.91,235
2013-07-11,Inglaterra,445.62,19
2013-07-11,Italia,1456.82,84
2013-07-11,España,3998.35,242
2013-07-11,Francia,1001.34,56
2013-07-11,Francia,3155.77,340
2013-07-11,España,3411.16,250
2013-07-11,Inglaterra,1941.83,85
2013-07-12,España,4407.06,220
2013-07-12,Francia,4894.44,263
2013-07-12,Italia,123.52,6
2013-07-12,Francia,478.74,24
2013-07-13,España,3505.33,261
2013-07-13,Italia,3755.8,170
2013-07-13,España,1332.41,73
2013-07-13,Francia,328.52,30
2013-07-13,España,1409.99,57
2013-07-13,Francia,194.57,15
2013-07-13,Francia,3108.81,126
2013-07-13,Inglaterra,4553.55,247
2013-07-14,Francia,2389.15,129
2013-07-14,Francia,2550.45,107
2013-07-14,Francia,815.84,54
2013-07-14,Francia,4323.89,193
2013-07-14,Francia,1529.93,114
2013-07-14,Francia,4581.86,263
2013-07-14,Francia,3697.67,157
2013-07-15,Francia,418.73,33
2013-07-15,Francia,1084.27,105
2013-07-15,España,2763.37,125
2013-07-15,Inglaterra,4795.43,409
2013-07-16,Italia,789.41,57
2013-07-16,España,2315.3,112
2013-07-16,España,4231.68,446
2013-07-17,Francia,557.82,25
2013-07-17,España,2079.7,94
2013-07-17,Italia,3071.41,168
2013-07-17,España,1946.49,206
2013-07-17,Italia,4340.6,358
2013-07-17,Francia,4524.71,209
2013-07-18,Francia,2708.5,299
2013-07-18,Francia,3921.81,277
2013-07-18,Francia,1776.27,84
2013-07-18,Francia,974.81,76
2013-07-19,Italia,957.48,40
2013-07-20,Francia,217.41,11
2013-07-20,España,4381.72,180
2013-07-20,Francia,4013.87,335
2013-07-20,España,129.83,14
2013-07-20,Francia,3103.59,152
2013-07-20,Inglaterra,740.42,34
2013-07-20,Inglaterra,4958.81,352
2013-07-20,Francia,3526.96,149
2013-07-21,Francia,4933.27,254
2013-07-21,Italia,2849.44,117
2013-07-21,Francia,1929.97,88
2013-07-21,España,1158.04,66
2013-07-21,Francia,759.17,31
2013-07-22,Inglaterra,4240.26,271
2013-07-22,Francia,1707.71,145
2013-07-22,Inglaterra,1659.06,69
2013-07-22,Francia,3598.87,163
2013-07-22,Francia,2732.94,172
2013-07-23,Francia,4808.5,247
2013-07-24,Francia,1751.13,88
2013-07-24,Francia,1254.65,138
2013-07-24,Inglaterra,1963.18,240
2013-07-25,Inglaterra,3846.36,329
2013-07-25,Francia,351.22,23
2013-07-25,Italia,3945.93,162
2013-07-25,Italia,1759.33,91
2013-07-25,Francia,4113.91,448
2013-07-25,Francia,3401.38,154
2013-07-25,Italia,3807.35,157
2013-07-26,Francia,3208.82,167
2013-07-26,Italia,4673.05,463
2013-07-26,Italia,628.74,27
2013-07-27,Francia,4715.67,419
2013-07-27,España,2606.04,167
2013-07-27,España,4476.38,187
2013-07-27,España,4992.95,389
2013-07-27,Francia,4320.12,430
2013-07-28,Inglaterra,3422.56,219
2013-07-28,Francia,4787.09,242
2013-07-28,España,2936.79,160
2013-07-28,Inglaterra,3918.75,414
2013-07-29,Francia,353.14,36
2013-07-29,España,1518.09,104
2013-07-29,Francia,3543.64,218
2013-07-29,Francia,4910.46,235
2013-07-29,Francia,3968.25,400
2013-07-29,Francia,1013.9,43
2013-07-30,Inglaterra,1232.59,105
2013-07-30,España,1523.36,164
2013-07-30,Francia,4452.8,325
2013-07-30,Inglaterra,352.62,41
2013-07-30,Italia,2321.17,115
2013-07-31,Francia,3409.24,141
2013-07-31,Francia,595.64,60
2013-07-31,España,3173.89,163
2013-07-31,Inglaterra,3323.11,232
2013-08-01,Inglaterra,4527.44,327
2013-08-01,España,4401.02,258
2013-08-01,Francia,950.33,86
2013-08-01,Italia,309.64,32
2013-08-02,Francia,3007.03,269
2013-08-02,Inglaterra,1874.68,227
2013-08-02,Inglaterra,1768.21,139
2013-08-02,España,1061.46,56
2013-08-02,Italia,2576.13,182
2013-08-03,España,2217.37,151
2013-08-03,Francia,1909.72,149
2013-08-03,Francia,2834.44,148
2013-08-03,Italia,3616.84,170
2013-08-04,España,4649.76,438
2013-08-04,España,714.36,45
2013-08-04,España,2159.42,96
2013-08-04,Francia,3531.5,148
2013-08-04,España,1244.54,63
2013-08-04,Italia,864.04,76
2013-08-04,Francia,2478.32,140
2013-08-05,Francia,3218.23,235
2013-08-05,Italia,1431.52,72
2013-08-05,España,1396.02,102
2013-08-05,España,2374.91,122
2013-08-05,Francia,2424.2,156
2013-08-05,Francia,2169.52,88
2013-08-05,Francia,1722.95,101
2013-08-06,Francia,4461.56,457
2013-08-06,España,3118.88,136
2013-08-06,Francia,3906.16,204
2013-08-06,Francia,1755.0,101
2013-08-06,España,2686.76,181
2013-08-07,Italia,4136.82,270
2013-08-07,Italia,4377.87,367
2013-08-08,Francia,2164.57,248
2013-08-08,Inglaterra,303.82,20
2013-08-08,Francia,4441.03,242
2013-08-08,Francia,2202.34,96
2013-08-08,Francia,2336.91,245
2013-08-09,Inglaterra,2945.73,294
2013-08-09,Francia,2225.27,116
2013-08-09,Inglaterra,2759.24,230
2013-08-09,Italia,4830.4,320
2013-08-10,Francia,1210.11,55
2013-08-10,Italia,4808.19,198
2013-08-11,Francia,3729.97,223
2013-08-11,Italia,3426.5,383
2013-08-12,España,4075.32,246
2013-08-12,España,4307.88,198
2013-08-12,Francia,2553.41,248
2013-08-12,Italia,3454.27,153
2013-08-12,Italia,3133.56,156
2013-08-12,Italia,732.57,86
2013-08-13,Italia,2420.34,123
2013-08-13,España,3175.34,230
2013-08-13,España,4395.37,191
2013-08-13,Inglaterra,3703.53,433
2013-08-14,España,1628.81,66
2013-08-14,Francia,2835.55,213
2013-08-14,Francia,1893.48,126
2013-08-14,España,2131.15,204
2013-08-14,Inglaterra,3291.47,158
2013-08-15,Italia,3083.63,209
2013-08-15,Italia,749.65,86
2013-08-15,España,1113.52,62
2013-08-15,Italia,3012.92,191
2013-08-15,Italia,2791.33,115
2013-08-15,España,3250.36,145
2013-08-15,España,2954.5,187
2013-08-15,Italia,794.96,38
2013-08-16,Italia,1406.62,90
2013-08-16,Italia,4451.59,226
2013-08-16,Francia,2179.26,242
2013-08-16,España,2226.95,166
2013-08-17,Inglaterra,1866.61,100
2013-08-17,Inglaterra,4957.87,264
2013-08-18,Italia,1068.16,51
2013-08-18,Francia,397.77,24
2013-08-18,Inglaterra,254.14,13
2013-08-18,Italia,4758.0,241
2013-08-19,Italia,2632.5,175
2013-08-19,Italia,2262.31,105
2013-08-19,Italia,1183.99,59
2013-08-19,Francia,4461.09,296
2013-08-20,Inglaterra,286.19,19
2013-08-20,Inglaterra,1826.91,76
2013-08-20,Italia,4536.9,219
2013-08-20,Italia,3519.24,247
2013-08-20,Francia,3102.08,240
2013-08-21,Inglaterra,597.72,33
2013-08-21,Francia,4354.79,274
2013-08-21,Francia,3423.92,203
2013-08-21,Francia,2266.31,268
2013-08-21,Francia,3821.85,358
2013-08-22,Francia,3602.79,390
2013-08-23,Francia,1606.56,75
2013-08-23,España,696.58,71
2013-08-23,España,1283.17,96
2013-08-23,España,4653.48,323
2013-08-23,España,4657.03,276
2013-08-23,España,2942.86,127
2013-08-24,Italia,920.37,88
2013-08-24,España,4928.64,220
2013-08-24,Italia,3257.54,189
2013-08-24,Italia,1240.38,115
2013-08-24,España,2268.21,112
2013-08-25,España,2100.51,138
2013-08-25,Italia,1201.28,88
2013-08-25,Italia,2926.13,191
2013-08-25,Francia,3956.25,201
2013-08-26,Italia,2301.82,102
2013-08-26,Inglaterra,2388.26,119
2013-08-26,Italia,2180.95,93
2013-08-26,Francia,4699.09,236
2013-08-26,España,695.4,45
2013-08-27,España,3218.09,277
2013-08-27,Francia,3273.77,152
2013-08-27,Francia,1439.58,77
2013-08-27,Italia,4260.77,430
2013-08-27,Francia,1805.67,93
2013-08-29,España,3791.6,372
2013-08-30,España,1271.03,76
2013-08-30,Francia,4543.04,263
2013-08-30,Francia,590.83,25
2013-08-30,Inglaterra,2635.27,186
2013-08-30,Inglaterra,456.54,23
2013-08-30,Italia,1101.89,62
2013-08-30,Francia,2224.75,90
2013-08-31,Italia,3502.34,143
2013-08-31,Francia,892.39,41
2013-08-31,Italia,399.62,17
2013-09-01,España,4523.6,222
2013-09-01,Italia,4501.57,236
2013-09-01,Francia,3175.73,184
2013-09-02,Francia,3635.99,172
2013-09-02,España,2764.44,339
2013-09-02,Francia,2215.34,153
2013-09-02,Italia,3359.5,226
2013-09-02,Francia,4779.05,443
2013-09-02,Francia,1708.71,142
2013-09-02,Francia,1195.14,74
2013-09-03,Francia,3601.97,223
2013-09-03,España,4047.62,167
2013-09-03,Inglaterra,4555.59,484
2013-09-04,Italia,2038.78,83
2013-09-04,Italia,890.94,48
2013-09-04,España,4268.82,275
2013-09-04,Italia,3925.52,197
2013-09-04,Italia,3979.49,220
2013-09-04,Francia,3809.36,277
2013-09-04,Inglaterra,4595.01,228
2013-09-05,Francia,2081.13,118
2013-09-05,Francia,2284.66,120
2013-09-06,Francia,2652.86,224
2013-09-06,Francia,343.86,19
2013-09-06,España,350.91,15
2013-09-07,Francia,4786.99,260
2013-09-07,Francia,695.95,54
2013-09-07,Francia,922.67,87
2013-09-07,Francia,3489.91,147
2013-09-07,Francia,2808.92,132
2013-09-08,Francia,4042.89,289
2013-09-08,Inglaterra,2532.19,118
2013-09-08,Francia,1906.24,139
2013-09-08,España,1330.45,87
2013-09-08,Inglaterra,4509.92,239
2013-09-08,Francia,4142.2,189
2013-09-09,España,4262.64,211
2013-09-10,Italia,1969.06,106
2013-09-10,Francia,2246.36,164
2013-09-10,Francia,984.08,109
2013-09-10,Italia,2025.5,136
2013-09-10,España,145.11,12
2013-09-10,Francia,4786.84,383
2013-09-10,Italia,3838.45,232
2013-09-11,España,1812.42,90
2013-09-11,Italia,4562.0,293
2013-09-11,Italia,4361.87,211
2013-09-11,Francia,2901.03,356
2013-09-11,España,159.68,16
2013-09-11,Inglaterra,1685.95,85
2013-09-12,España,3303.57,282
2013-09-13,España,4103.15,224
2013-09-13,Italia,3156.34,212
2013-09-13,Inglaterra,1533.8,90
2013-09-14,Francia,2588.52,250
2013-09-14,Francia,3902.27,270
2013-09-15,Francia,684.33,45
2013-09-15,Inglaterra,1133.3,48
2013-09-15,Francia,200.5,12
2013-09-15,Francia,2606.29,248
2013-09-16,Italia,4362.08,302
2013-09-16,Francia,4811.74,197
2013-09-16,España,2526.34,143
2013-09-16,España,271.82,13
2013-09-17,Francia,2597.91,111
2013-09-17,España,446.99,22
2013-09-17,Francia,3283.97,163
2013-09-17,Inglaterra,2756.27,151
2013-09-18,Francia,1092.14,54
2013-09-18,Francia,1232.34,134
2013-09-18,Francia,4935.88,255
2013-09-18,España,2175.57,91
2013-09-18,Francia,1658.25,70
2013-09-19,Francia,2966.19,178
2013-09-19,España,490.84,33
2013-09-19,España,1022.06,56
2013-09-19,Italia,2985.09,190
2013-09-19,España,4904.65,356
2013-09-19,España,3031.37,196
2013-09-20,Inglaterra,143.0,9
2013-09-20,Inglaterra,633.96,32
2013-09-20,Francia,1587.2,173
2013-09-20,España,1044.73,81
2013-09-21,Italia,4444.0,245
2013-09-21,Francia,2293.36,221
2013-09-22,Italia,1030.98,44
2013-09-22,España,417.69,21
2013-09-22,Italia,656.42,55
2013-09-22,Francia,1852.81,110
2013-09-22,Italia,562.13,26
2013-09-23,Francia,1997.73,150
2013-09-23,Inglaterra,4184.68,196
2013-09-23,España,4549.85,282
2013-09-23,Inglaterra,4516.0,338
2013-09-24,Inglaterra,4457.5,220
2013-09-24,Francia,108.45,10
2013-09-24,Francia,1248.59,122
2013-09-24,Francia,911.54,98
2013-09-24,Francia,413.22,30
2013-09-25,Inglaterra,3554.67,205
2013-09-25,Francia,1287.32,74
2013-09-25,Italia,4739.28,194
2013-09-25,Francia,1269.63,71
2013-09-25,Inglaterra,776.34,32
2013-09-25,Francia,4627.77,283
2013-09-26,Francia,4048.24,219
2013-09-26,España,2561.75,153
2013-09-26,Italia,4480.87,187
2013-09-27,Inglaterra,372.63,23
2013-09-27,Italia,654.22,54
2013-09-27,Francia,641.87,32
2013-09-27,España,3916.57,169
2013-09-27,Inglaterra,3641.53,195
2013-09-27,España,2717.53,336
2013-09-27,Italia,412.99,20
2013-09-28,España,3948.13,162
2013-09-28,Francia,954.35,60
2013-09-28,España,748.19,34
2013-09-28,Francia,2542.87,112
2013-09-29,Francia,1935.23,226
2013-09-29,Francia,3317.45,278
2013-09-29,Italia,1607.97,89
2013-09-29,España,4614.85,189
2013-09-29,Francia,2372.52,170
2013-09-30,Francia,3440.8,175
2013-09-30,Francia,1559.47,70
2013-09-30,Francia,3082.57,144
2013-09-30,Inglaterra,903.8,65
2013-09-30,España,2103.33,90
2013-09-30,Francia,616.14,67
2013-09-30,España,2935.63,127
2013-10-01,España,4520.75,476
2013-10-01,Italia,547.41,23
2013-10-01,Francia,2623.24,113
2013-10-01,Francia,2405.67,105
2013-10-01,Francia,1602.68,82
2013-10-01,Italia,1712.41,73
2013-10-02,España,4214.16,467
2013-10-02,Italia,3257.39,329
2013-10-03,Francia,4485.06,211
2013-10-03,Inglaterra,3121.89,136
2013-10-03,Francia,3020.11,136
2013-10-03,España,2338.78,114
2013-10-03,Inglaterra,2158.31,108
2013-10-04,Francia,604.79,35
2013-10-04,Francia,4554.3,342
2013-10-04,Francia,1002.24,73
2013-10-04,Francia,3008.67,357
2013-10-04,Inglaterra,3206.87,203
2013-10-04,Francia,1241.56,50
2013-10-04,Francia,1333.76,59
2013-10-04,España,2603.92,113
2013-10-04,España,3391.05,338
2013-10-05,Italia,4396.9,487
2013-10-05,Italia,2056.57,105
2013-10-05,Francia,2079.75,164
2013-10-05,Francia,1190.4,63
2013-10-05,España,1299.57,96
2013-10-06,Francia,358.84,31
2013-10-06,Italia,3118.94,184
2013-10-06,Inglaterra,4766.28,404
2013-10-07,Francia,1930.84,118
2013-10-07,Francia,1684.99,107
2013-10-07,Francia,4550.13,264
2013-10-08,España,3973.03,190
2013-10-08,Inglaterra,2190.11,108
2013-10-08,Italia,2833.95,232
2013-10-08,España,2518.15,132
2013-10-09,España,1859.9,86
2013-10-09,Francia,4495.49,466
2013-10-10,Francia,2713.36,125
2013-10-10,España,4418.12,446
2013-10-10,España,4660.48,402
2013-10-10,Francia,2299.88,97
2013-10-10,Francia,1937.7,185
2013-10-10,España,3591.63,249
2013-10-10,Francia,2303.43,155
2013-10-11,España,190.48,12
2013-10-11,España,3965.86,230
2013-10-11,Francia,3495.25,168
2013-10-11,Francia,4364.96,209
2013-10-12,Francia,2375.41,213
2013-10-12,Francia,4968.16,397
2013-10-12,Italia,2355.6,109
2013-10-12,Francia,2486.01,266
2013-10-12,Italia,1401.17,68
2013-10-12,España,4422.04,271
2013-10-13,España,2464.44,188
2013-10-13,España,1443.45,79
2013-10-13,España,2985.82,151
2013-10-14,España,1896.67,102
2013-10-14,Francia,840.69,51
2013-10-14,España,119.25,8
2013-10-14,Francia,2256.71,103
2013-10-14,España,4302.18,358
2013-10-14,Francia,204.81,19
2013-10-15,Francia,1890.49,77
2013-10-15,Francia,3845.56,292
2013-10-15,Francia,481.56,43
2013-10-15,Italia,4659.08,234
2013-10-15,Francia,1691.28,93
2013-10-16,Francia,4888.48,202
2013-10-16,España,2382.77,263
2013-10-16,España,321.63,14
2013-10-16,Francia,1758.55,173
2013-10-16,Francia,677.51,40
2013-10-16,Francia,682.38,35
2013-10-17,Francia,2231.42,106
2013-10-18,Francia,1164.51,54
2013-10-18,Italia,1637.3,137
2013-10-18,Francia,1285.08,62
2013-10-18,España,2416.26,114
2013-10-18,España,4973.08,254
2013-10-19,Inglaterra,3923.11,163
2013-10-19,España,1260.95,97
2013-10-20,Italia,4864.07,417
2013-10-20,Francia,4188.83,186
2013-10-20,Italia,3580.9,369
2013-10-21,Francia,2224.36,155
2013-10-21,España,1658.85,74
2013-10-21,Francia,3360.48,203
2013-10-21,Inglaterra,1707.92,138
2013-10-21,Inglaterra,1924.59,110
2013-10-22,Italia,1072.91,101
2013-10-22,España,728.33,30
2013-10-22,Francia,4122.18,275
2013-10-22,Francia,1882.74,98
2013-10-22,España,4363.27,212
2013-10-22,España,2801.52,114
2013-10-23,España,4452.71,427
2013-10-23,Inglaterra,1808.64,79
2013-10-23,España,4770.24,204
2013-10-23,España,4789.82,266
2013-10-23,Italia,3402.33,141
2013-10-23,Francia,1173.29,54
2013-10-23,Francia,3092.15,231
2013-10-24,Francia,3767.94,349
2013-10-25,Italia,2329.18,124
2013-10-25,Francia,4674.16,246
2013-10-25,España,2459.03,214
2013-10-26,Inglaterra,4352.36,207
2013-10-26,Francia,2160.63,109
2013-10-26,Italia,3249.31,156
2013-10-27,Francia,1703.24,161
2013-10-27,España,2632.32,140
2013-10-28,Inglaterra,1895.64,96
2013-10-28,Inglaterra,4719.58,203
2013-10-29,Inglaterra,963.15,55
2013-10-29,Francia,3790.68,215
2013-10-29,España,1273.49,67
2013-10-29,Francia,2428.61,129
2013-10-29,Francia,2588.14,135
2013-10-29,Francia,4488.69,305
2013-10-30,Francia,854.47,65
2013-10-30,Francia,3564.89,430
2013-10-30,Francia,1715.68,136
2013-10-30,Francia,4787.34,556
2013-10-30,Francia,4031.22,194
2013-10-31,España,932.44,46
2013-10-31,Francia,988.5,80
2013-10-31,Francia,2929.26,282
2013-11-01,Francia,4583.17,528
2013-11-01,Francia,1685.53,86
2013-11-01,España,1017.15,60
2013-11-01,Francia,3810.04,272
2013-11-01,España,959.73,41
2013-11-01,Francia,328.82,16
2013-11-01,España,2015.08,227
2013-11-01,España,4980.36,237
2013-11-02,Inglaterra,4833.16,217
2013-11-02,Francia,808.81,42
2013-11-02,Francia,158.84,10
2013-11-02,Inglaterra,305.83,16
2013-11-02,España,3190.7,174
2013-11-03,Francia,4190.51,229
2013-11-03,Francia,1450.86,112
2013-11-03,Francia,3281.29,230
2013-11-03,España,4073.02,255
2013-11-04,Francia,1547.35,74
2013-11-04,Francia,1480.1,128
2013-11-04,Italia,803.53,39
2013-11-04,España,4454.71,185
2013-11-04,Italia,4276.54,272
2013-11-04,Francia,344.62,15
2013-11-05,España,3393.31,299
2013-11-06,Inglaterra,1846.45,98
2013-11-06,España,3321.72,223
2013-11-06,Francia,1929.19,237
2013-11-06,Francia,1055.65,114
2013-11-07,Inglaterra,3638.56,402
2013-11-07,Italia,306.02,14
2013-11-07,Inglaterra,4741.69,191
2013-11-07,Francia,4850.68,522
2013-11-07,España,1155.86,66
2013-11-07,Italia,166.92,21
2013-11-08,Francia,402.23,25
2013-11-08,Francia,3474.28,208
2013-11-08,España,3211.26,173
2013-11-09,Inglaterra,3021.53,127
2013-11-09,Francia,3790.86,418
2013-11-09,Italia,946.67,62
2013-11-09,Italia,2648.44,205
2013-11-09,España,1559.45,73
2013-11-09,Inglaterra,4582.6,433
2013-11-09,Inglaterra,1469.27,72
2013-11-10,España,3366.04,206
2013-11-10,Italia,1701.42,114
2013-11-10,Francia,2950.78,242
2013-11-10,Inglaterra,3346.23,316
2013-11-10,Inglaterra,3056.21,159
2013-11-10,Francia,1237.46,119
2013-11-11,Francia,190.33,15
2013-11-11,Francia,4524.21,274
2013-11-11,Francia,1929.25,95
2013-11-12,Francia,198.06,9
2013-11-12,España,3301.82,314
2013-11-13,España,2605.49,257
2013-11-13,Francia,3719.4,223
2013-11-13,Francia,4271.28,276
2013-11-14,España,1318.84,70
2013-11-14,Francia,2077.49,100
2013-11-14,Francia,4357.47,217
2013-11-14,España,1550.04,66
2013-11-14,Inglaterra,1702.19,74
2013-11-14,España,2270.07,157
2013-11-14,Inglaterra,2303.65,213
2013-11-15,Francia,2187.4,98
2013-11-16,Francia,658.85,27
2013-11-16,Francia,2690.29,181
2013-11-16,Francia,4177.91,499
2013-11-17,Francia,4413.43,395
2013-11-17,Francia,2613.12,181
2013-11-17,Francia,3439.42,249
2013-11-17,Francia,3829.44,155
2013-11-17,España,1321.83,156
2013-11-17,Italia,3330.3,182
2013-11-18,Francia,518.31,42
2013-11-18,Italia,4076.12,377
2013-11-18,Inglaterra,4951.54,268
2013-11-19,Italia,3178.57,210
2013-11-19,Inglaterra,3671.29,336
2013-11-20,España,4291.88,498
2013-11-20,España,771.63,60
2013-11-20,España,1554.32,68
2013-11-20,Francia,2201.39,178
2013-11-20,España,1342.39,150
2013-11-21,Francia,2475.23,185
2013-11-21,Francia,1605.74,200
2013-11-21,España,1674.63,162
2013-11-21,España,2575.07,237
2013-11-22,Inglaterra,4258.89,195
2013-11-22,Inglaterra,1622.45,194
2013-11-22,Inglaterra,3651.47,190
2013-11-23,Inglaterra,4198.95,183
2013-11-23,España,2941.18,290
2013-11-23,Francia,1943.12,175
2013-11-23,España,3365.49,225
2013-11-23,Italia,4367.37,185
2013-11-23,Italia,1973.59,97
2013-11-24,Italia,2508.91,133
2013-11-24,Inglaterra,2656.9,204
2013-11-24,Francia,384.86,32
2013-11-24,España,2872.51,118
2013-11-24,Italia,4013.57,337
2013-11-25,Francia,3593.85,223
2013-11-25,Italia,3302.1,202
2013-11-25,Francia,4418.49,224
2013-11-25,Francia,1123.56,49
2013-11-26,Inglaterra,3169.67,210
2013-11-26,Italia,2928.97,150
2013-11-26,Francia,1854.92,155
2013-11-26,Francia,3811.66,301
2013-11-27,España,4959.2,271
2013-11-27,Francia,2210.51,92
2013-11-27,España,1999.08,140
2013-11-27,Inglaterra,2195.7,127
2013-11-27,Francia,3764.11,179
2013-11-27,Francia,1730.54,156
2013-11-27,Inglaterra,862.81,36
2013-11-28,Inglaterra,4318.19,224
2013-11-28,Francia,1919.02,225
2013-11-28,Francia,3903.08,256
2013-11-29,España,2047.52,103
2013-11-29,Francia,3656.22,283
2013-11-30,Italia,3270.04,206
2013-11-30,Francia,830.76,49
2013-11-30,Inglaterra,3046.7,154
2013-11-30,Francia,221.57,12
2013-11-30,Francia,4153.04,262
2013-11-30,Francia,923.7,56
2013-11-30,España,1869.39,95
2013-12-01,España,1113.06,47
2013-12-01,Italia,356.51,15
2013-12-01,Francia,1746.78,181
2013-12-01,Francia,1351.6,133
2013-12-02,Francia,3795.98,210
2013-12-02,España,3569.92,164
2013-12-02,España,1834.14,147
2013-12-02,Francia,2857.24,149
2013-12-02,Francia,641.65,72
2013-12-02,España,934.14,84
2013-12-02,España,892.19,63
2013-12-03,Francia,1058.76,94
2013-12-03,Francia,3309.15,273
2013-12-03,Italia,4280.25,185
2013-12-03,Francia,1292.92,158
2013-12-04,Inglaterra,3020.55,194
2013-12-04,Inglaterra,4477.95,292
2013-12-04,Inglaterra,707.01,35
2013-12-04,Francia,3241.49,142
2013-12-04,España,1641.14,67
2013-12-04,España,3399.76,238
2013-12-04,Francia,2896.38,138
2013-12-04,Italia,4852.12,551
2013-12-05,España,3692.7,152
2013-12-05,Inglaterra,1088.33,120
2013-12-05,Inglaterra,239.44,24
2013-12-05,España,920.1,39
2013-12-05,Francia,3358.88,378
2013-12-06,Inglaterra,1698.31,174
2013-12-06,Francia,3503.26,306
2013-12-06,España,4235.04,200
2013-12-06,España,1023.13,66
2013-12-06,España,2085.61,164
2013-12-06,Francia,745.68,40
2013-12-07,Francia,4917.76,526
2013-12-07,Italia,2763.32,230
2013-12-07,Inglaterra,1050.86,106
2013-12-07,Francia,4924.96,209
2013-12-07,Francia,1379.88,151
2013-12-08,España,994.99,52
2013-12-08,España,4689.77,556
2013-12-08,España,497.82,23
2013-12-08,Francia,3726.18,164
2013-12-08,Inglaterra,4811.01,258
2013-12-08,Francia,4863.04,262
2013-12-09,Francia,4736.91,336
2013-12-09,Francia,4078.96,213
2013-12-09,España,3606.8,243
2013-12-09,Italia,3108.75,127
2013-12-10,Francia,4677.36,270
2013-12-10,España,4857.19,586
2013-12-10,España,4967.53,205
2013-12-11,Francia,3796.44,291
2013-12-11,Francia,3680.46,165
2013-12-11,Inglaterra,4149.16,175
2013-12-11,Francia,4785.67,408
2013-12-11,Italia,1249.27,122
2013-12-11,Italia,2737.44,122
2013-12-12,Francia,467.61,41
2013-12-12,Italia,4443.24,422
2013-12-12,Inglaterra,2416.69,115
2013-12-13,Italia,2670.97,272
2013-12-13,Francia,2600.29,325
2013-12-13,Italia,295.67,13
2013-12-14,Francia,4588.36,327
2013-12-14,Italia,4797.62,225
2013-12-14,Francia,4462.54,236
2013-12-14,Francia,1382.59,60
2013-12-14,Francia,4947.36,204
2013-12-14,Italia,911.12,63
2013-12-15,Italia,3179.63,288
2013-12-15,Francia,4566.82,258
2013-12-15,Francia,3541.74,219
2013-12-15,Francia,3856.89,175
2013-12-16,Inglaterra,2562.4,272
2013-12-16,España,2574.78,237
2013-12-16,Inglaterra,2509.88,128
2013-12-16,Inglaterra,1216.22,72
2013-12-16,España,1342.18,61
2013-12-17,España,1361.32,166
2013-12-17,Francia,2828.76,166
2013-12-17,España,1938.68,106
2013-12-18,Francia,4375.35,181
2013-12-19,Inglaterra,912.8,65
2013-12-19,España,1197.1,113
2013-12-19,Francia,4707.97,189
2013-12-19,Francia,4396.55,272
2013-12-20,Italia,257.39,29
2013-12-20,Italia,1694.41,158
2013-12-20,Italia,1015.36,43
2013-12-21,Francia,2702.61,110
2013-12-22,Francia,4738.16,586
2013-12-22,Italia,2050.41,88
2013-12-22,Francia,285.14,12
2013-12-22,Italia,637.65,36
2013-12-22,España,546.22,27
2013-12-23,Inglaterra,3696.91,287
2013-12-23,España,1666.13,94
2013-12-24,Francia,2396.04,164
2013-12-24,Italia,2074.16,100
2013-12-24,España,3675.47,157
2013-12-25,España,1136.71,78
2013-12-25,España,578.56,29
2013-12-26,Francia,3673.41,207
2013-12-26,Inglaterra,2282.63,121
2013-12-26,Italia,3002.98,219
2013-12-26,España,2377.44,146
2013-12-26,España,156.02,10
2013-12-26,Francia,3111.75,212
2013-12-27,Francia,1400.18,96
2013-12-27,Italia,1770.49,117
2013-12-27,España,3377.61,138
2013-12-27,Francia,1148.86,60
2013-12-28,Italia,4047.86,415
2013-12-28,Francia,3843.59,278
2013-12-28,Francia,2339.2,102
2013-12-28,Inglaterra,3206.85,275
2013-12-29,España,2227.76,94
2013-12-29,Italia,1569.44,93
2013-12-29,España,741.97,33
2013-12-29,España,1053.63,53
2013-12-29,Inglaterra,1685.69,92
2013-12-29,Francia,2846.32,148
2013-12-29,Inglaterra,3623.94,290
2013-12-29,Inglaterra,1156.16,57
2013-12-29,Inglaterra,4033.11,408
2013-12-30,Francia,968.83,56
2013-12-30,Francia,2064.42,124
2013-12-30,Inglaterra,4337.47,244
2013-12-30,Inglaterra,4939.22,262
2013-12-30,Italia,3572.77,160
2013-12-31,Francia,3343.4,271
2013-12-31,Francia,4993.62,236
2013-12-31,Francia,502.94,34
2013-12-31,Francia,4640.87,262
2013-12-31,España,1760.79,112
2013-12-31,Italia,4375.92,411
2014-01-01,Francia,861.72,52
2014-01-01,Francia,3429.1,163
2014-01-01,Inglaterra,4289.09,269
2014-01-01,España,1430.16,116
2014-01-01,España,4453.32,537
2014-01-01,Italia,280.78,16
2014-01-02,Francia,987.15,48
2014-01-02,España,519.75,36
2014-01-02,Francia,3392.59,149
2014-01-02,Francia,297.2,14
2014-01-02,España,4638.45,246
2014-01-03,Francia,1186.15,49
2014-01-03,Francia,290.78,15
2014-01-03,Francia,388.1,30
2014-01-04,Francia,117.2,6
2014-01-04,Inglaterra,4929.6,269
2014-01-04,España,2777.92,170
2014-01-05,España,295.05,15
2014-01-05,Francia,4688.08,197
2014-01-05,España,2527.99,283
2014-01-05,España,2871.14,149
2014-01-06,Italia,4947.0,304
2014-01-06,Inglaterra,3933.96,469
2014-01-06,Francia,2008.79,89
2014-01-06,Francia,3205.56,168
2014-01-07,Francia,3233.02,192
2014-01-07,España,4922.82,308
2014-01-07,Italia,4356.28,323
2014-01-08,Italia,271.41,20
2014-01-08,Italia,2980.64,140
2014-01-08,Francia,1812.48,119
2014-01-09,España,2520.81,276
2014-01-09,España,629.8,31
2014-01-09,Francia,1832.39,87
2014-01-09,España,3216.6,347
2014-01-10,Italia,443.96,27
2014-01-10,Italia,3830.61,204
2014-01-10,Inglaterra,3894.55,272
2014-01-10,Italia,4950.35,351
2014-01-10,Francia,793.59,33
2014-01-10,Francia,3952.92,222
2014-01-10,Francia,943.87,91
2014-01-11,España,2521.22,267
2014-01-11,España,654.78,29
2014-01-11,España,2116.41,118
2014-01-11,Francia,2636.93,160
2014-01-11,Francia,2785.79,127
2014-01-11,Italia,3513.04,182
2014-01-11,Francia,491.48,21
2014-01-12,Francia,2952.39,184
2014-01-12,Inglaterra,4086.82,249
2014-01-12,España,495.82,30
2014-01-13,Francia,3471.12,142
2014-01-13,Francia,1925.09,109
2014-01-13,Francia,1571.11,69
2014-01-13,Francia,4643.16,287
2014-01-14,Francia,3813.89,225
2014-01-14,España,2019.47,156
2014-01-14,España,3229.82,142
2014-01-14,Italia,173.25,12
2014-01-15,Francia,1072.21,85
2014-01-15,Francia,2515.87,134
2014-01-15,Francia,1327.67,87
2014-01-16,Francia,1495.95,133
2014-01-16,Francia,4359.77,225
2014-01-16,Francia,1016.58,43
2014-01-16,Francia,4881.88,302
2014-01-16,Italia,2217.91,217
2014-01-16,Inglaterra,889.7,51
2014-01-16,España,4172.52,339
2014-01-16,Inglaterra,4069.34,195
2014-01-17,Italia,2273.86,205
2014-01-17,España,3444.15,153
2014-01-18,Francia,4196.95,214
2014-01-18,Italia,4289.14,212
2014-01-18,Inglaterra,320.06,17
2014-01-18,Italia,3624.42,148
2014-01-18,Inglaterra,1730.01,183
2014-01-18,España,3472.05,145
2014-01-18,España,1261.94,113
2014-01-18,Francia,1612.18,77
2014-01-18,Francia,4842.28,265
2014-01-19,Francia,770.71,46
2014-01-19,Inglaterra,3171.58,287
2014-01-19,Francia,3982.03,249
2014-01-19,España,1570.15,144
2014-01-19,Francia,4955.5,251
2014-01-19,España,4991.69,246
2014-01-19,Inglaterra,4989.14,366
2014-01-19,Francia,636.21,30
2014-01-19,Francia,1598.22,113
2014-01-20,Francia,1927.73,180
2014-01-20,Italia,3733.88,151
2014-01-20,España,1859.45,159
2014-01-21,España,2306.91,122
2014-01-21,Francia,4198.72,208
2014-01-21,España,1287.42,56
2014-01-21,Francia,4206.98,230
2014-01-21,España,4858.97,540
2014-01-21,Francia,1044.44,52
2014-01-21,Francia,4434.4,187
2014-01-22,Francia,1879.91,109
2014-01-22,Francia,4647.05,205
2014-01-22,Italia,2846.56,275
2014-01-22,Inglaterra,1411.57,113
2014-01-22,España,1391.51,112
2014-01-22,Italia,3127.51,193
2014-01-22,Francia,936.7,82
2014-01-22,Francia,853.35,64
2014-01-22,Italia,1049.32,48
2014-01-22,Inglaterra,2161.73,94
2014-01-23,España,1251.64,118
2014-01-23,España,347.82,27
2014-01-23,Inglaterra,1134.67,67
2014-01-23,Francia,588.34,74
2014-01-24,Francia,371.87,19
2014-01-24,Francia,2507.61,102
2014-01-25,Francia,2994.21,141
2014-01-25,Inglaterra,4258.08,229
2014-01-25,Inglaterra,4333.39,193
2014-01-25,España,623.94,32
2014-01-25,Italia,4871.37,314
2014-01-25,España,4401.91,179
2014-01-25,Francia,259.16,18
2014-01-25,Francia,4618.93,322
2014-01-26,Francia,3323.96,150
2014-01-26,Francia,1099.04,71
2014-01-26,Francia,112.38,7
2014-01-26,Italia,880.49,41
2014-01-26,España,4774.68,418
2014-01-26,España,1880.62,120
2014-01-27,Francia,4055.18,465
2014-01-27,España,896.58,42
2014-01-27,España,1625.1,99
2014-01-28,España,3622.07,231
2014-01-28,Francia,2063.22,94
2014-01-28,Italia,4260.45,325
2014-01-28,España,2655.84,150
2014-01-28,Italia,1936.78,181
2014-01-30,Francia,1788.06,198
2014-01-30,Francia,1145.89,103
2014-01-30,Francia,2683.77,110
2014-01-30,Francia,1442.87,67
2014-01-30,Francia,4768.74,374
2014-01-31,Italia,2614.39,127
2014-01-31,Italia,3555.43,177
2014-01-31,Inglaterra,1942.2,117
2014-01-31,Italia,3426.0,232
2014-01-31,Italia,3117.38,206
2014-01-31,España,783.68,92
2014-02-01,España,1666.28,114
2014-02-01,Francia,2593.49,111
2014-02-01,Francia,1238.44,51
2014-02-01,Francia,2540.94,143
2014-02-01,Italia,3508.64,152
2014-02-01,Inglaterra,2478.93,241
2014-02-01,España,3104.3,132
2014-02-02,Inglaterra,1727.16,96
2014-02-02,Francia,2958.74,330
2014-02-02,España,191.0,15
2014-02-02,Italia,4129.87,202
2014-02-02,Francia,4946.46,366
2014-02-02,Inglaterra,3605.98,236
2014-02-03,Francia,1158.1,51
2014-02-03,Francia,4618.25,258
2014-02-03,Francia,4154.66,279
2014-02-03,España,1616.89,88
2014-02-03,España,4207.86,216
2014-02-03,Italia,4870.28,339
2014-02-04,Inglaterra,1328.59,78
2014-02-04,Francia,479.69,33
2014-02-04,España,4478.88,309
2014-02-05,Francia,162.02,8
2014-02-05,España,4627.98,269
2014-02-05,España,925.72,109
2014-02-05,Italia,408.86,21
2014-02-05,Italia,3697.21,175
2014-02-05,Francia,2668.86,289
2014-02-05,Inglaterra,3773.17,252
2014-02-05,Francia,3880.59,161
2014-02-05,Francia,2941.81,123
2014-02-06,Italia,3818.09,200
2014-02-06,Francia,4291.04,239
2014-02-06,Francia,3969.4,228
2014-02-07,Francia,3616.75,181
2014-02-07,Inglaterra,1264.34,121
2014-02-07,Inglaterra,3109.04,182
2014-02-08,España,2256.73,173
2014-02-08,España,1239.71,56
2014-02-08,Francia,1497.96,66
2014-02-08,Francia,3646.63,162
2014-02-08,España,2490.94,129
2014-02-09,Italia,1338.89,64
2014-02-09,Francia,4754.78,243
2014-02-09,Francia,973.55,44
2014-02-09,Francia,1619.08,141
2014-02-09,Francia,1554.57,168
2014-02-09,Francia,2203.78,258
2014-02-09,Italia,1881.78,95
2014-02-09,Francia,322.88,18
2014-02-10,España,4288.62,231
2014-02-10,Francia,3437.57,170
2014-02-10,España,143.19,11
2014-02-10,Francia,4674.02,264
2014-02-10,Francia,1539.01,143
2014-02-10,Francia,811.64,77
2014-02-10,Italia,1764.6,99
2014-02-11,Francia,3298.18,280
2014-02-11,Italia,1901.52,77
2014-02-11,Francia,4369.24,205
2014-02-11,Francia,3028.38,125
2014-02-11,Francia,3739.38,274
2014-02-11,Italia,1165.67,68
2014-02-12,Italia,4474.7,234
2014-02-12,Francia,1745.98,74
2014-02-12,Italia,3471.76,172
2014-02-13,España,1999.53,169
2014-02-14,Inglaterra,2773.31,256
2014-02-14,España,930.39,51
2014-02-14,España,199.07,13
2014-02-15,Inglaterra,866.89,62
2014-02-16,España,3985.22,168
2014-02-16,Inglaterra,3372.52,305
2014-02-16,España,2707.39,137
2014-02-16,España,241.4,15
2014-02-17,España,556.97,28
2014-02-17,Inglaterra,2644.47,127
2014-02-17,Italia,647.82,28
2014-02-18,Italia,4336.83,302
2014-02-18,España,2711.85,336
2014-02-18,España,3303.62,233
2014-02-18,Francia,175.53,11
2014-02-18,Italia,2845.86,232
2014-02-18,Italia,1979.19,98
2014-02-18,España,2673.0,117
2014-02-19,Italia,2724.6,189
2014-02-19,Italia,1755.48,170
2014-02-19,Francia,145.29,6
2014-02-20,Italia,405.36,27
2014-02-20,Italia,2302.46,168
2014-02-20,Italia,1711.28,74
2014-02-20,España,4206.93,261
2014-02-20,Francia,4590.69,342
2014-02-21,Francia,689.88,53
2014-02-22,Francia,1120.8,49
2014-02-22,España,2048.2,136
2014-02-23,Inglaterra,2371.41,99
2014-02-23,Italia,4978.03,326
2014-02-23,Francia,1374.57,112
2014-02-23,España,224.32,15
2014-02-23,Italia,3713.7,304
2014-02-23,España,4848.16,354
2014-02-23,Inglaterra,480.59,22
2014-02-24,Italia,3943.76,452
2014-02-24,España,2006.91,171
2014-02-24,Francia,4325.66,181
2014-02-24,Inglaterra,612.09,29
2014-02-24,Italia,4640.89,218
2014-02-24,Francia,4356.91,251
2014-02-24,Italia,3236.44,171
2014-02-24,Francia,819.56,38
2014-02-24,España,3774.94,271
2014-02-25,Inglaterra,514.91,39
2014-02-25,Francia,3978.71,272
2014-02-25,España,512.14,21
2014-02-25,Italia,2506.23,110
2014-02-25,Italia,2017.26,94
2014-02-25,Francia,2588.68,138
2014-02-26,Francia,2416.74,168
2014-02-26,Italia,2196.42,95
2014-02-26,Francia,2550.73,156
2014-02-26,España,2934.52,177
2014-02-26,Inglaterra,3374.97,203
2014-02-26,España,4196.03,253
2014-02-26,Francia,2681.07,132
2014-02-27,Inglaterra,2001.44,185
2014-02-27,Francia,3393.9,260
2014-02-27,Francia,2984.59,125
2014-02-28,Francia,2843.82,135
2014-02-28,Francia,1011.17,46
2014-03-01,España,4932.28,260
2014-03-01,Francia,4227.02,193
2014-03-01,España,3117.64,341
2014-03-01,Inglaterra,4490.54,204
2014-03-01,Francia,3671.62,209
2014-03-01,Italia,1029.84,116
2014-03-01,Inglaterra,2867.76,116
2014-03-02,Inglaterra,4405.62,191
2014-03-03,Italia,2024.53,217
2014-03-03,Francia,1777.31,96
2014-03-03,España,3477.76,165
2014-03-03,Italia,3537.34,308
2014-03-03,Italia,2860.58,121
2014-03-04,Francia,290.96,13
2014-03-04,Francia,2057.58,97
2014-03-04,Francia,4933.14,287
2014-03-04,Italia,2294.92,98
2014-03-05,España,4011.1,326
2014-03-05,España,4917.96,240
2014-03-05,Francia,1066.71,55
2014-03-05,Inglaterra,2191.82,154
2014-03-05,Francia,2277.53,158
2014-03-05,Italia,933.52,48
2014-03-05,España,2223.5,119
2014-03-05,Italia,4391.84,179
2014-03-06,Italia,4361.82,372
2014-03-06,Francia,263.67,30
2014-03-07,Francia,617.32,25
2014-03-07,Francia,537.32,38
2014-03-07,Inglaterra,1818.52,81
2014-03-07,Italia,4292.45,323
2014-03-08,Inglaterra,2609.31,108
2014-03-08,Italia,1190.76,52
2014-03-08,Italia,1867.86,104
2014-03-08,Inglaterra,4605.7,207
2014-03-08,Italia,2488.46,159
2014-03-09,Francia,1824.33,124
2014-03-09,Italia,2837.74,116
2014-03-10,Italia,1797.83,99
2014-03-10,España,3956.58,478
2014-03-10,Italia,2118.3,130
2014-03-11,Francia,1434.99,60
2014-03-11,Inglaterra,1817.3,114
2014-03-11,Francia,3202.22,136
2014-03-11,Italia,3608.85,171
2014-03-11,Italia,2491.65,170
2014-03-11,Italia,1458.09,78
2014-03-11,España,166.66,9
2014-03-11,Inglaterra,2740.21,111
2014-03-12,Francia,660.03,60
2014-03-12,Inglaterra,1177.02,78
2014-03-12,Italia,511.12,37
2014-03-13,España,1141.85,81
2014-03-14,Francia,3790.75,155
2014-03-14,Inglaterra,1834.14,148
2014-03-14,Francia,4782.54,540
2014-03-15,Italia,2005.1,121
2014-03-15,Italia,3021.2,173
2014-03-15,Francia,1808.62,151
2014-03-16,Francia,2402.03,105
2014-03-16,España,658.41,43
2014-03-16,Francia,216.65,9
2014-03-17,España,891.92,53
2014-03-17,Francia,3321.23,290
2014-03-17,España,3401.19,188
2014-03-17,Francia,1029.51,63
2014-03-18,España,3174.45,148
2014-03-18,España,4078.12,426
2014-03-18,Italia,2764.14,189
2014-03-18,España,1222.04,52
2014-03-18,España,719.98,89
2014-03-18,España,904.78,38
2014-03-18,España,2511.37,309
2014-03-19,Francia,595.51,26
2014-03-19,Inglaterra,448.91,45
2014-03-19,Francia,1820.98,86
2014-03-19,Francia,1042.48,49
2014-03-19,Inglaterra,4890.85,359
2014-03-20,Francia,1174.0,86
2014-03-20,Italia,2108.25,92
2014-03-20,Francia,1015.87,43
2014-03-20,Italia,3889.75,185
2014-03-21,Francia,3088.91,270
2014-03-21,Francia,2418.16,115
2014-03-21,Italia,4723.8,211
2014-03-21,Italia,1287.85,98
2014-03-21,España,1298.96,54
2014-03-21,España,2894.9,323
2014-03-21,Francia,1483.4,65
2014-03-22,Francia,1138.71,69
2014-03-22,Inglaterra,2956.06,147
2014-03-22,España,3544.53,163
2014-03-22,España,2193.29,104
2014-03-23,España,2292.96,189
2014-03-23,Italia,4920.85,473
2014-03-23,España,699.21,32
2014-03-23,Francia,4644.37,265
2014-03-23,España,358.1,22
2014-03-23,Francia,3024.02,160
2014-03-23,Francia,1718.05,214
2014-03-24,Francia,758.06,78
2014-03-24,Italia,2156.31,131
2014-03-24,Italia,4365.01,183
2014-03-25,Francia,4993.2,477
2014-03-25,Inglaterra,150.15,8
2014-03-25,Italia,2405.65,177
2014-03-25,Francia,3575.43,328
2014-03-25,Inglaterra,1763.91,152
2014-03-26,Francia,3911.18,428
2014-03-26,Italia,4397.43,180
2014-03-26,Inglaterra,1866.27,133
2014-03-26,España,2714.19,125
2014-03-26,Inglaterra,650.14,74
2014-03-27,Francia,274.59,14
2014-03-27,Francia,4461.52,282
2014-03-28,Francia,2715.23,154
2014-03-28,Francia,1430.27,99
2014-03-28,Francia,2441.66,122
2014-03-29,España,3679.66,158
2014-03-29,Francia,607.14,45
2014-03-29,Inglaterra,1140.62,56
2014-03-29,España,451.86,55
2014-03-29,Francia,3126.03,349
2014-03-29,España,1537.61,73
2014-03-29,Francia,3340.56,241
2014-03-30,España,1947.27,126
2014-03-30,España,1190.35,73
2014-03-30,España,3906.47,168
2014-03-30,España,2784.57,194
2014-03-30,Italia,973.34,70
2014-03-31,Inglaterra,4988.49,293
2014-03-31,Inglaterra,3920.08,238
2014-03-31,Inglaterra,2870.67,174
2014-03-31,Inglaterra,3996.91,388
2014-03-31,Inglaterra,3837.0,284
2014-03-31,Francia,4981.11,286
2014-03-31,Inglaterra,1153.85,62
2014-04-01,Francia,3956.09,296
2014-04-01,Francia,3497.64,252
2014-04-01,Italia,1334.08,81
2014-04-01,Francia,190.44,24
2014-04-01,Francia,4159.84,398
2014-04-01,Italia,645.44,32
2014-04-02,Francia,4438.65,374
2014-04-02,Francia,500.35,33
2014-04-02,España,3974.23,184
2014-04-02,Inglaterra,1616.46,177
2014-04-02,Francia,3863.36,188
2014-04-02,Inglaterra,1473.06,61
2014-04-02,Francia,568.13,33
2014-04-02,Italia,3929.3,402
2014-04-02,Inglaterra,1531.67,94
2014-04-03,Francia,789.98,32
2014-04-03,Francia,4987.17,302
2014-04-04,Inglaterra,1347.67,62
2014-04-04,Francia,3858.36,247
2014-04-04,Francia,3309.62,134
2014-04-04,Inglaterra,4899.16,226
2014-04-04,España,3143.55,290
2014-04-05,Francia,4789.26,415
2014-04-05,Francia,1525.7,96
2014-04-05,Inglaterra,1298.09,67
2014-04-05,Francia,698.06,33
2014-04-05,Italia,3542.87,340
2014-04-05,Italia,175.86,8
2014-04-05,Italia,2053.14,204
2014-04-05,Italia,3828.37,156
2014-04-06,Italia,1156.48,73
2014-04-06,Francia,1099.96,55
2014-04-06,Francia,2311.55,247
2014-04-06,Italia,4586.89,387
2014-04-07,Francia,2343.76,204
2014-04-07,España,4629.71,564
2014-04-08,Francia,2896.64,217
2014-04-08,Inglaterra,1295.91,61
2014-04-08,España,571.63,37
2014-04-09,Francia,841.57,43
2014-04-09,Italia,671.07,29
2014-04-09,Francia,4129.58,231
2014-04-09,Francia,2226.28,134
2014-04-10,Francia,2947.5,136
2014-04-10,Francia,1081.08,135
2014-04-10,España,994.13,65
2014-04-10,Francia,283.69,22
2014-04-10,Inglaterra,2805.85,127
2014-04-10,Francia,1435.4,122
2014-04-11,España,730.03,42
2014-04-12,Italia,2864.02,123
2014-04-12,Italia,1289.3,77
2014-04-12,España,3572.65,197
2014-04-12,Italia,1922.11,165
2014-04-12,Francia,1390.68,60
2014-04-13,Francia,4279.77,202
2014-04-13,Francia,2245.22,163
2014-04-13,Italia,492.16,26
2014-04-13,España,4847.62,412
2014-04-14,Francia,1003.4,77
2014-04-15,Francia,2271.94,261
2014-04-15,Francia,1296.06,157
2014-04-16,Francia,105.9,5
2014-04-16,Italia,384.43,16
2014-04-16,Francia,4425.78,199
2014-04-16,Italia,1287.4,63
2014-04-16,Francia,414.56,27
2014-04-16,Inglaterra,588.68,40
2014-04-16,Francia,4474.69,183
2014-04-16,Inglaterra,3957.9,319
2014-04-16,Francia,2118.6,128
2014-04-16,Francia,1400.82,171
2014-04-16,Francia,565.17,68
2014-04-17,Francia,1209.68,98
2014-04-17,Francia,2503.34,145
2014-04-17,Italia,3009.01,210
2014-04-18,Inglaterra,1214.5,70
2014-04-18,Italia,140.91,7
2014-04-19,Italia,4696.14,238
2014-04-19,Italia,4769.78,195
2014-04-19,Francia,3544.86,156
2014-04-20,Francia,1860.23,147
2014-04-20,Francia,960.57,60
2014-04-20,Francia,2673.49,117
2014-04-21,Inglaterra,160.22,7
2014-04-21,Italia,4514.25,373
2014-04-21,Francia,883.71,86
2014-04-21,Francia,175.53,15
2014-04-21,Italia,4121.07,256
2014-04-21,Francia,4804.06,278
2014-04-21,España,4152.05,346
2014-04-21,Francia,1375.95,57
2014-04-22,Francia,1590.14,68
2014-04-22,Francia,734.07,52
2014-04-22,Inglaterra,4302.51,226
2014-04-22,Inglaterra,3917.04,433
2014-04-23,Francia,1301.63,64
2014-04-23,Inglaterra,4585.82,494
2014-04-23,Inglaterra,2921.02,301
2014-04-23,Francia,848.75,63
2014-04-23,Italia,875.37,85
2014-04-24,Francia,2141.5,86
2014-04-24,Francia,2536.5,257
2014-04-25,España,2781.46,155
2014-04-25,España,2228.66,202
2014-04-25,Francia,3650.69,196
2014-04-25,Francia,1613.33,88
2014-04-25,España,3971.54,177
2014-04-26,Italia,3572.24,315
2014-04-26,España,4019.16,452
2014-04-26,España,3914.14,202
2014-04-26,Francia,1803.92,88
2014-04-26,Francia,1610.94,123
2014-04-26,España,4702.2,369
2014-04-27,España,1946.42,113
2014-04-27,Inglaterra,4114.74,362
2014-04-27,Francia,4730.75,530
2014-04-28,España,830.57,45
2014-04-28,Francia,1596.37,108
2014-04-28,Inglaterra,1542.18,100
2014-04-28,Inglaterra,3890.82,328
2014-04-28,Francia,2308.05,121
2014-04-28,Italia,4856.88,210
2014-04-29,Francia,1849.22,128
2014-04-29,Inglaterra,1379.23,67
2014-04-30,Francia,1501.69,133
2014-04-30,Italia,2244.23,143
2014-04-30,Inglaterra,4890.4,340
2014-04-30,Francia,3879.44,413
2014-04-30,Francia,3046.41,144
2014-04-30,Francia,787.59,43
2014-04-30,España,4489.41,539
2014-04-30,España,848.48,46
2014-04-30,España,4853.38,199
2014-04-30,Italia,3661.03,256
2014-05-01,Francia,4803.19,202
2014-05-01,Inglaterra,2824.97,197
2014-05-01,Francia,2793.38,195
2014-05-03,Francia,3100.33,320
2014-05-03,Francia,4038.38,186
2014-05-03,Italia,472.21,38
2014-05-03,Francia,4034.36,286
2014-05-03,Italia,737.93,35
2014-05-03,Francia,2441.6,292
2014-05-04,Francia,2742.23,293
2014-05-04,Francia,2280.59,96
2014-05-04,Italia,3517.56,374
2014-05-04,Francia,797.2,76
2014-05-04,Inglaterra,2918.05,156
2014-05-04,Francia,1737.65,183
2014-05-05,España,1940.68,120
2014-05-05,Francia,4899.16,241
2014-05-05,España,3198.76,169
2014-05-05,España,307.12,31
2014-05-05,España,967.51,77
2014-05-05,Francia,4407.4,502
2014-05-05,Italia,227.31,12
2014-05-05,España,3661.0,328
2014-05-06,España,2409.7,296
2014-05-06,Francia,4842.51,216
2014-05-06,Italia,1496.99,85
2014-05-06,España,2667.95,288
2014-05-06,España,3268.33,224
2014-05-07,España,2441.6,270
2014-05-07,Francia,535.98,53
2014-05-07,Inglaterra,943.29,56
2014-05-08,España,1839.22,90
2014-05-08,Francia,2581.86,209
2014-05-08,Francia,2520.54,172
2014-05-08,Francia,1111.91,94
2014-05-08,Italia,1304.55,103
2014-05-08,Francia,1802.25,131
2014-05-08,Italia,1088.82,60
2014-05-09,Francia,1056.36,70
2014-05-09,España,1542.87,113
2014-05-09,España,432.84,29
2014-05-09,España,2938.18,147
2014-05-09,España,3461.05,278
2014-05-09,España,4603.0,229
2014-05-09,España,4616.46,515
2014-05-10,Italia,276.35,17
2014-05-10,Francia,3334.01,259
2014-05-10,Francia,2778.31,195
2014-05-10,España,1480.95,112
2014-05-10,Francia,921.31,45
2014-05-10,Inglaterra,540.84,27
2014-05-11,Francia,215.16,20
2014-05-11,Francia,4832.92,317
2014-05-12,Italia,3751.15,426
2014-05-12,Italia,4088.93,487
2014-05-12,Francia,1731.27,84
2014-05-12,Inglaterra,1321.94,154
2014-05-12,España,784.25,33
2014-05-13,Inglaterra,638.31,39
2014-05-13,Inglaterra,810.0,98
2014-05-14,España,2724.08,254
2014-05-14,Francia,3886.74,346
2014-05-14,España,4245.31,316
2014-05-14,Italia,2355.57,278
2014-05-14,Francia,710.04,87
2014-05-14,Francia,4639.85,262
2014-05-14,Francia,3122.73,227
2014-05-15,Francia,4981.12,272
2014-05-15,Italia,501.65,50
2014-05-15,Italia,3422.5,257
2014-05-15,Italia,3183.84,335
2014-05-15,Francia,2891.55,212
2014-05-15,Francia,2113.41,90
2014-05-15,España,2706.66,138
2014-05-16,Italia,4278.38,226
2014-05-16,Francia,1578.72,170
2014-05-16,España,4534.15,256
2014-05-17,España,441.57,24
2014-05-17,Francia,1153.61,59
2014-05-17,Francia,2408.31,217
2014-05-17,Francia,3830.23,256
2014-05-18,España,1013.03,52
2014-05-18,Francia,1466.3,153
2014-05-18,España,3859.66,187
2014-05-18,Inglaterra,4255.06,300
2014-05-18,Francia,2411.1,152
2014-05-18,Italia,484.78,30
2014-05-18,Inglaterra,2916.3,250
2014-05-19,Francia,2204.15,90
2014-05-19,Italia,642.67,34
2014-05-19,España,345.09,20
2014-05-19,España,967.65,44
2014-05-19,Italia,3896.14,169
2014-05-20,Francia,1523.01,84
2014-05-20,Francia,1719.94,93
2014-05-20,Francia,2475.41,119
2014-05-20,Italia,1014.13,64
2014-05-20,España,4721.5,295
2014-05-20,Italia,3408.2,267
2014-05-21,Inglaterra,621.3,50
2014-05-21,Francia,1591.77,76
2014-05-21,Francia,1284.19,104
2014-05-22,España,2114.1,94
2014-05-22,Francia,4749.52,556
2014-05-23,Francia,935.12,102
2014-05-23,España,121.96,7
2014-05-23,Italia,2434.77,110
2014-05-23,Francia,1000.32,64
2014-05-23,Francia,2525.07,113
2014-05-23,España,769.81,93
2014-05-23,Francia,862.39,54
2014-05-24,Inglaterra,591.04,47
2014-05-24,Francia,1445.41,63
2014-05-24,España,4996.74,217
2014-05-24,España,346.04,31
2014-05-24,Italia,4803.23,444
2014-05-24,España,3262.19,292
2014-05-25,Francia,2426.17,277
2014-05-25,España,3826.73,234
2014-05-25,Francia,3734.85,162
2014-05-25,Francia,1986.7,134
2014-05-26,Inglaterra,4882.32,209
2014-05-26,Francia,3989.8,180
2014-05-26,Francia,4383.11,189
2014-05-26,Francia,2813.49,205
2014-05-26,Inglaterra,1164.56,72
2014-05-27,Francia,1789.46,83
2014-05-27,España,4757.7,524
2014-05-28,España,3313.4,229
2014-05-28,Italia,4849.72,295
2014-05-28,Inglaterra,2366.22,151
2014-05-28,Francia,4476.71,297
2014-05-28,España,2766.58,193
2014-05-29,España,3277.64,170
2014-05-29,Inglaterra,3834.15,171
2014-05-29,Francia,4193.28,184
2014-05-30,Francia,3843.87,202
2014-05-30,España,2832.45,327
2014-05-30,Francia,2399.48,113
2014-05-30,Francia,355.71,30
2014-05-30,Francia,4211.7,181
2014-05-31,Italia,1515.68,72
2014-05-31,Inglaterra,2735.82,145
2014-05-31,Francia,2914.7,296
2014-05-31,Inglaterra,199.16,11
2014-05-31,Italia,4710.23,240
2014-05-31,Italia,2671.9,146
2014-05-31,Francia,602.42,32
2014-05-31,Italia,3998.34,256
2014-06-01,Francia,4410.63,399
2014-06-01,Francia,2581.66,113
2014-06-01,España,2043.38,152
2014-06-01,Francia,1232.08,106
2014-06-01,Francia,222.36,27
2014-06-02,Francia,4457.15,211
2014-06-02,Francia,4738.87,535
2014-06-02,España,4154.48,202
2014-06-02,Inglaterra,2277.47,109
2014-06-02,España,4565.05,184
2014-06-03,España,4084.29,268
2014-06-03,Inglaterra,2161.34,95
2014-06-03,Italia,3057.86,330
2014-06-03,España,4376.7,230
2014-06-04,Francia,340.72,37
2014-06-04,España,1735.2,82
2014-06-04,España,4006.57,485
2014-06-04,España,1366.68,136
2014-06-04,Francia,1428.77,62
2014-06-04,Italia,4628.76,232
2014-06-04,España,345.71,31
2014-06-04,Italia,3752.79,202
2014-06-05,Francia,830.54,36
2014-06-05,España,3903.14,316
2014-06-05,Inglaterra,3960.54,264
2014-06-05,Italia,2329.55,96
2014-06-05,Francia,3878.57,208
2014-06-05,Francia,3149.35,205
2014-06-05,Inglaterra,1714.76,141
2014-06-06,Inglaterra,1388.12,67
2014-06-06,Francia,675.56,50
2014-06-06,España,3702.07,345
2014-06-07,Francia,1350.63,56
2014-06-07,España,4271.32,250
2014-06-07,Italia,4295.71,209
2014-06-08,Francia,3053.38,211
2014-06-08,Francia,1342.98,55
2014-06-08,Francia,3020.04,252
2014-06-08,Inglaterra,4476.86,193
2014-06-09,España,535.75,30
2014-06-09,Italia,2167.83,181
2014-06-09,Francia,2713.3,296
2014-06-09,Francia,4382.59,193
2014-06-09,España,3304.12,203
2014-06-10,Francia,270.24,12
2014-06-10,Francia,1218.82,95
2014-06-10,Italia,1514.46,115
2014-06-10,Francia,2840.58,203
2014-06-10,España,1128.67,80
2014-06-10,Italia,1050.25,45
2014-06-11,Francia,1441.83,156
2014-06-11,Inglaterra,4164.29,253
2014-06-11,Francia,1888.75,124
2014-06-12,España,3727.49,304
2014-06-12,Inglaterra,4397.25,293
2014-06-12,Francia,1664.98,99
2014-06-12,Inglaterra,2556.04,188
2014-06-12,España,659.82,43
2014-06-13,Francia,2948.79,128
2014-06-13,Francia,3981.89,327
2014-06-13,Francia,2594.66,140
2014-06-14,Italia,4964.79,616
2014-06-14,Francia,2491.49,133
2014-06-14,Inglaterra,4277.3,215
2014-06-14,España,2783.91,166
2014-06-15,Italia,1132.16,114
2014-06-15,Francia,1040.2,87
2014-06-16,Francia,931.91,54
2014-06-16,Inglaterra,1677.05,86
2014-06-16,Inglaterra,4577.69,195
2014-06-16,Italia,1525.92,191
2014-06-16,Italia,3389.39,327
2014-06-17,Francia,3099.53,183
2014-06-17,Italia,2188.14,103
2014-06-17,Italia,3756.7,153
2014-06-17,España,3067.09,231
2014-06-18,Francia,2218.5,124
2014-06-18,Francia,1051.35,55
2014-06-18,España,2141.68,147
2014-06-18,Inglaterra,4926.2,211
2014-06-18,España,831.38,83
2014-06-19,Italia,3001.73,132
2014-06-20,Italia,2457.15,134
2014-06-20,Inglaterra,1202.7,116
2014-06-20,España,1616.81,74
2014-06-21,España,2553.6,298
2014-06-21,Francia,3648.27,252
2014-06-21,Inglaterra,2213.69,130
2014-06-21,Italia,4815.23,304
2014-06-21,España,3588.33,161
2014-06-21,Inglaterra,1058.92,53
2014-06-22,Francia,845.52,37
2014-06-22,España,203.3,15
2014-06-22,Italia,2184.24,91
2014-06-24,Francia,2717.1,321
2014-06-24,España,2794.94,177
2014-06-24,Francia,2457.23,176
2014-06-24,España,3432.54,155
2014-06-24,España,2949.39,139
2014-06-24,España,3067.29,143
2014-06-24,Italia,3757.45,171
2014-06-24,Francia,3873.15,406
2014-06-25,España,2572.43,294
2014-06-25,Italia,4419.19,351
2014-06-25,España,127.41,6
2014-06-25,Francia,1128.34,55
2014-06-26,Italia,4350.28,341
2014-06-26,España,907.23,93
2014-06-26,Francia,4849.81,602
2014-06-26,Francia,623.73,33
2014-06-26,Inglaterra,4778.96,296
2014-06-26,Francia,814.76,62
2014-06-26,Francia,2249.93,206
2014-06-27,Francia,1840.15,190
2014-06-27,Francia,1907.52,102
2014-06-27,España,2867.58,210
2014-06-28,España,4873.79,583
2014-06-28,Francia,2675.59,284
2014-06-28,Francia,3720.25,164
2014-06-30,Inglaterra,1241.95,64
2014-06-30,Inglaterra,3267.37,253
2014-06-30,España,3910.45,182
2014-06-30,España,4351.76,463
2014-06-30,Francia,3772.68,226
2014-06-30,Francia,3792.17,160
2014-06-30,España,640.14,28
2014-06-30,España,2479.27,122
2014-07-01,Francia,614.2,44
2014-07-01,Francia,4991.7,299
2014-07-01,Francia,3967.57,275
2014-07-01,Francia,1693.15,95
2014-07-02,Francia,100.77,6
2014-07-02,Italia,2514.47,117
2014-07-02,España,4012.63,195
2014-07-03,España,2460.24,204
2014-07-03,Francia,1512.27,66
2014-07-03,Francia,2716.39,123
2014-07-03,Italia,4712.91,192
2014-07-04,España,2414.18,210
2014-07-04,Inglaterra,4164.06,459
2014-07-04,Francia,260.89,19
2014-07-04,Francia,1383.68,62
2014-07-04,Italia,613.63,26
2014-07-05,Italia,2608.32,173
2014-07-05,Francia,3892.9,440
2014-07-05,España,4192.62,413
2014-07-05,España,771.59,32
2014-07-06,Francia,2483.4,120
2014-07-06,Italia,2155.01,107
2014-07-06,Francia,3574.71,343
2014-07-07,Italia,2859.67,249
2014-07-07,España,4199.31,311
2014-07-07,Francia,4015.15,313
2014-07-07,Inglaterra,468.83,56
2014-07-07,Francia,2187.89,99
2014-07-08,Francia,2529.62,128
2014-07-08,España,1653.03,161
2014-07-08,Francia,2233.41,137
2014-07-08,España,2751.98,133
2014-07-08,Italia,4562.68,250
2014-07-08,Francia,4434.94,461
2014-07-09,Francia,1823.95,89
2014-07-09,Francia,1423.02,163
2014-07-10,España,3469.25,273
2014-07-10,Francia,1515.89,66
2014-07-11,Italia,3452.63,208
2014-07-11,Italia,4684.71,261
2014-07-11,España,3625.56,234
2014-07-11,Francia,3631.26,185
2014-07-11,España,2014.52,88
2014-07-11,España,3403.76,178
2014-07-11,Italia,3709.62,168
2014-07-12,Inglaterra,2553.7,218
2014-07-12,Francia,4583.88,322
2014-07-12,Italia,2093.63,95
2014-07-13,Francia,1253.81,73
2014-07-13,España,4105.66,245
2014-07-13,Francia,568.78,32
2014-07-13,Inglaterra,1009.32,51
2014-07-13,Inglaterra,1605.89,84
2014-07-13,España,3706.32,410
2014-07-13,Francia,1875.24,149
2014-07-13,Francia,4824.31,529
2014-07-13,Italia,3553.7,160
2014-07-13,Francia,4950.47,357
2014-07-14,Inglaterra,4682.29,225
2014-07-14,España,220.81,26
2014-07-14,Francia,1425.3,120
2014-07-14,Italia,257.11,22
2014-07-14,Inglaterra,406.0,24
2014-07-14,Francia,947.32,43
2014-07-14,España,2194.51,141
2014-07-15,España,3592.32,410
2014-07-15,Francia,2888.79,240
2014-07-15,Francia,4322.69,290
2014-07-15,Italia,3612.73,151
2014-07-15,Inglaterra,3575.69,177
2014-07-15,España,4177.91,170
2014-07-16,España,4390.7,226
2014-07-17,Italia,3207.84,156
2014-07-17,España,1767.56,77
2014-07-17,Francia,2684.82,170
2014-07-17,Italia,2024.65,84
2014-07-17,Inglaterra,4064.61,324
2014-07-17,Francia,1169.52,80
2014-07-17,Italia,2114.11,145
2014-07-18,Francia,3445.62,262
2014-07-18,España,1524.19,136
2014-07-18,Francia,4226.61,369
2014-07-18,Francia,3622.64,169
2014-07-18,Italia,1067.68,71
2014-07-19,Inglaterra,2000.44,219
2014-07-19,Inglaterra,298.15,26
2014-07-19,Francia,1396.28,72
2014-07-20,Italia,3411.48,329
2014-07-20,Italia,1559.16,172
2014-07-20,Francia,4668.11,420
2014-07-20,España,1730.02,109
2014-07-20,España,3500.7,211
2014-07-20,Inglaterra,4366.97,243
2014-07-21,Francia,1806.55,130
2014-07-21,Inglaterra,547.13,63
2014-07-21,Francia,122.76,10
2014-07-22,Italia,1916.94,188
2014-07-22,Italia,4872.28,196
2014-07-23,España,4367.36,489
2014-07-23,España,641.46,35
2014-07-23,Francia,4386.04,263
2014-07-23,Italia,1619.11,123
2014-07-24,Italia,4628.32,259
2014-07-24,Francia,104.62,7
2014-07-24,Francia,2492.86,246
2014-07-24,Italia,2565.73,113
2014-07-24,Francia,3036.96,217
2014-07-24,Italia,3503.89,238
2014-07-25,Francia,744.7,80
2014-07-25,España,1653.66,86
2014-07-25,Francia,695.63,43
2014-07-25,Inglaterra,3035.05,156
2014-07-25,Inglaterra,832.59,49
2014-07-26,Francia,4760.06,505
2014-07-26,Francia,1742.91,155
2014-07-26,España,1642.45,194
2014-07-26,Francia,2231.4,100
2014-07-27,Francia,4119.69,325
2014-07-27,Francia,3480.22,188
2014-07-27,Francia,274.2,27
2014-07-27,Francia,1243.64,62
2014-07-27,Italia,951.61,47
2014-07-28,Francia,1715.59,141
2014-07-28,España,2954.51,138
2014-07-28,Francia,1841.64,166
2014-07-28,Francia,564.67,54
2014-07-29,Inglaterra,2869.35,133
2014-07-29,Francia,2787.57,192
2014-07-29,Francia,2771.66,227
2014-07-29,Inglaterra,542.56,29
2014-07-29,Francia,3517.75,291
2014-07-29,Italia,3160.34,136
2014-07-29,España,3844.06,191
2014-07-29,Francia,4328.83,283
2014-07-29,España,3112.38,144
2014-07-30,Francia,397.83,20
2014-07-30,Inglaterra,1231.74,75
2014-07-30,Inglaterra,1442.55,161
2014-07-31,España,2219.95,93
2014-07-31,Inglaterra,1494.25,108
2014-08-01,Francia,1325.28,155
2014-08-01,España,851.94,98
2014-08-01,Francia,2821.99,287
2014-08-01,España,385.02,46
2014-08-01,Italia,2857.57,204
2014-08-02,Francia,1552.86,186
2014-08-02,Italia,434.91,23
2014-08-02,Francia,1725.28,95
2014-08-02,Inglaterra,3599.2,310
2014-08-03,Francia,760.89,91
2014-08-03,España,3234.12,304
2014-08-03,Francia,2342.37,145
2014-08-03,Inglaterra,3898.22,463
2014-08-04,Francia,1564.14,186
2014-08-04,Francia,583.97,28
2014-08-04,Italia,4142.24,263
2014-08-04,Francia,498.27,23
2014-08-04,Francia,3810.75,211
2014-08-05,España,491.17,20
2014-08-05,Francia,2969.02,214
2014-08-05,España,3445.44,166
2014-08-05,Francia,975.66,75
2014-08-05,Inglaterra,1549.49,81
2014-08-06,Francia,2743.58,261
2014-08-06,España,3128.41,327
2014-08-06,España,4830.88,247
2014-08-07,Inglaterra,2772.89,115
2014-08-07,España,4294.87,187
2014-08-07,Francia,4888.22,266
2014-08-07,Italia,3268.7,136
2014-08-08,Inglaterra,424.23,22
2014-08-08,Francia,350.55,20
2014-08-08,España,2501.55,117
2014-08-09,Italia,775.7,97
2014-08-09,Italia,1777.92,192
2014-08-10,España,4109.24,230
2014-08-10,España,1331.41,98
2014-08-11,Francia,1657.9,147
2014-08-11,España,3139.37,351
2014-08-11,Italia,3637.08,262
2014-08-11,Italia,1565.42,106
2014-08-11,Francia,1087.16,96
2014-08-11,Italia,609.97,45
2014-08-11,Francia,4061.46,240
2014-08-11,Francia,4485.66,235
2014-08-11,España,296.68,20
2014-08-11,Francia,3268.02,148
2014-08-12,Inglaterra,310.77,24
2014-08-12,Francia,4775.87,368
2014-08-12,Italia,3562.0,173
2014-08-12,Italia,2305.61,202
2014-08-12,España,3864.99,261
2014-08-12,Italia,3259.11,168
2014-08-12,Inglaterra,2691.15,196
2014-08-13,Inglaterra,2420.3,160
2014-08-13,Italia,3552.47,192
2014-08-13,Italia,1888.72,97
2014-08-14,Francia,1740.24,152
2014-08-14,Francia,3834.94,225
2014-08-15,Italia,3175.89,249
2014-08-15,Italia,4859.35,332
2014-08-15,Italia,1532.22,175
2014-08-16,Italia,967.5,66
2014-08-16,España,1269.7,59
2014-08-16,Inglaterra,357.7,36
2014-08-16,España,496.15,37
2014-08-16,España,4487.52,267
2014-08-16,Italia,698.22,55
2014-08-16,España,2728.5,251
2014-08-17,Francia,4287.58,241
2014-08-17,Italia,1126.16,52
2014-08-17,Francia,3317.94,196
2014-08-17,Italia,4974.29,468
2014-08-17,Francia,187.6,9
2014-08-17,España,2150.01,171
2014-08-18,Italia,4969.49,353
2014-08-18,Inglaterra,2726.09,132
2014-08-18,Francia,1785.41,87
2014-08-18,Francia,4841.47,583
2014-08-19,Italia,4489.02,318
2014-08-19,Francia,1555.69,67
2014-08-19,Inglaterra,2566.03,292
2014-08-19,Francia,2150.39,245
2014-08-20,España,1976.54,101
2014-08-20,Francia,549.03,42
2014-08-20,Inglaterra,1592.44,124
2014-08-20,Francia,374.54,22
2014-08-21,Francia,561.95,28
2014-08-21,Francia,545.96,26
2014-08-21,Francia,3315.52,157
2014-08-21,Francia,186.07,10
2014-08-21,Inglaterra,208.45,9
2014-08-21,Francia,120.22,12
2014-08-21,Italia,1679.43,101
2014-08-21,Francia,2851.92,186
2014-08-22,Francia,4451.73,235
2014-08-22,Francia,339.32,14
2014-08-23,Inglaterra,1104.09,81
2014-08-23,Francia,999.46,103
2014-08-24,España,625.07,28
2014-08-24,España,4650.17,229
2014-08-24,España,4623.56,339
2014-08-24,Francia,4471.35,264
2014-08-24,Francia,2560.45,270
2014-08-25,Italia,2861.01,144
2014-08-25,Italia,4552.41,200
2014-08-25,Francia,4958.83,267
2014-08-25,Francia,3667.71,223
2014-08-25,Francia,4846.21,252
2014-08-26,Italia,2095.94,97
2014-08-27,España,2687.49,130
2014-08-27,España,4565.16,212
2014-08-27,Italia,4324.21,194
2014-08-27,Francia,3783.81,236
2014-08-28,España,4730.89,222
2014-08-28,Italia,3355.44,416
2014-08-28,Italia,3765.64,287
2014-08-28,Francia,256.1,13
2014-08-28,Francia,1236.32,51
2014-08-29,Italia,264.44,23
2014-08-29,Francia,4849.29,436
2014-08-29,Francia,2886.97,136
2014-08-29,Francia,4481.72,190
2014-08-30,Inglaterra,2435.46,219
2014-08-30,Francia,1251.25,88
2014-08-30,Francia,2421.09,156
2014-08-30,Francia,2953.62,350
2014-08-30,Italia,3530.92,216
2014-08-31,Italia,4100.35,261
2014-08-31,España,4215.31,266
2014-08-31,Inglaterra,3758.94,206
2014-08-31,Francia,245.93,19
2014-08-31,Francia,3637.36,440
2014-08-31,Italia,1488.65,77
2014-08-31,Francia,2024.48,140
2014-09-01,Francia,2908.79,144
2014-09-01,Francia,1138.94,81
2014-09-01,Italia,3604.02,165
2014-09-02,Francia,640.36,38
2014-09-02,Francia,789.64,73
2014-09-02,Inglaterra,2098.51,162
2014-09-02,Francia,2473.28,148
2014-09-02,Francia,2501.58,121
2014-09-02,Italia,2312.58,145
2014-09-02,Italia,2493.74,234
2014-09-03,Francia,2490.29,173
2014-09-03,Francia,341.53,19
2014-09-03,España,2973.18,334
2014-09-03,Francia,4394.78,442
2014-09-03,Francia,4224.21,173
2014-09-04,España,1782.88,155
2014-09-04,España,2184.01,92
2014-09-04,España,3211.08,271
2014-09-04,España,4006.47,287
2014-09-05,España,1495.52,77
2014-09-05,Francia,4767.21,396
2014-09-05,Francia,955.27,48
2014-09-05,Inglaterra,3159.02,130
2014-09-05,Francia,1015.86,60
2014-09-05,Francia,2912.41,257
2014-09-05,Francia,2672.18,167
2014-09-05,Francia,1167.22,73
2014-09-06,Italia,4118.29,177
2014-09-06,España,3848.81,220
2014-09-06,España,3393.21,288
2014-09-06,Francia,2031.25,98
2014-09-07,Italia,3249.74,196
2014-09-07,Inglaterra,4921.69,263
2014-09-07,Francia,2978.33,147
2014-09-07,Inglaterra,4869.56,556
2014-09-07,Francia,3515.99,160
2014-09-08,Italia,3797.94,156
2014-09-08,Italia,2106.53,214
2014-09-08,España,365.26,39
2014-09-08,España,1737.89,72
2014-09-08,Italia,2791.45,195
2014-09-08,Inglaterra,1857.93,98
2014-09-09,España,3635.24,261
2014-09-09,Inglaterra,3921.11,157
2014-09-10,Inglaterra,2222.07,155
2014-09-10,España,2104.14,120
2014-09-10,Francia,2506.59,245
2014-09-10,Inglaterra,2539.9,205
2014-09-10,Italia,1126.2,49
2014-09-10,Francia,1559.59,90
2014-09-10,Francia,1690.3,151
2014-09-10,Francia,149.44,7
2014-09-11,España,1013.43,77
2014-09-11,España,3797.16,263
2014-09-11,Inglaterra,4016.4,240
2014-09-12,Italia,4659.75,214
2014-09-12,España,3382.72,243
2014-09-12,Inglaterra,3092.67,229
2014-09-12,Inglaterra,2311.55,144
2014-09-12,Italia,2424.43,166
2014-09-12,Francia,4685.94,248
2014-09-12,Francia,4695.35,446
2014-09-12,Inglaterra,3671.23,221
2014-09-13,Italia,4460.83,228
2014-09-13,Italia,367.16,16
2014-09-13,Francia,2876.67,125
2014-09-13,España,3915.15,208
2014-09-14,España,2419.76,222
2014-09-14,España,2238.6,133
2014-09-14,Inglaterra,410.26,38
2014-09-15,Italia,2542.99,129
2014-09-15,España,3417.7,258
2014-09-15,Italia,3639.92,192
2014-09-15,Francia,4555.87,227
2014-09-15,España,4386.92,507
2014-09-16,Italia,536.12,30
2014-09-16,Francia,1914.57,229
2014-09-16,Italia,2809.44,215
2014-09-16,Francia,3417.92,154
2014-09-16,Francia,1780.17,101
2014-09-16,Francia,179.23,17
2014-09-17,Francia,3318.43,173
2014-09-17,Francia,1967.44,118
2014-09-17,España,2910.97,158
2014-09-17,España,2194.41,140
2014-09-17,Francia,2993.89,234
2014-09-18,Italia,134.09,9
2014-09-19,Francia,4078.52,467
2014-09-19,Francia,2073.39,110
2014-09-19,España,4967.47,203
2014-09-19,España,4884.77,308
2014-09-20,Inglaterra,3399.62,148
2014-09-20,España,3944.1,370
2014-09-20,Inglaterra,3511.69,281
2014-09-20,España,1362.93,67
2014-09-20,España,3050.56,188
2014-09-20,Italia,1326.83,160
2014-09-20,Francia,1996.94,94
2014-09-20,Francia,1022.1,88
2014-09-21,España,2582.79,120
2014-09-21,Italia,1231.61,115
2014-09-21,Italia,293.01,23
2014-09-21,Italia,449.7,26
2014-09-21,Francia,3853.79,167
2014-09-21,Francia,4309.99,251
2014-09-21,Francia,1014.16,46
2014-09-22,Francia,639.1,44
2014-09-22,Inglaterra,1490.85,144
2014-09-22,Inglaterra,3087.5,358
2014-09-22,Francia,2366.42,175
2014-09-22,Inglaterra,3546.37,223
2014-09-22,Inglaterra,1782.81,73
2014-09-23,Inglaterra,1940.96,106
2014-09-23,Francia,2696.51,153
2014-09-23,Italia,1155.12,74
2014-09-24,Inglaterra,707.3,87
2014-09-24,España,1884.35,91
2014-09-24,Italia,1040.25,55
2014-09-24,Italia,3433.05,254
2014-09-24,Italia,4291.15,201
2014-09-25,España,3984.94,206
2014-09-25,Italia,369.03,25
2014-09-25,Francia,3088.36,329
2014-09-25,Inglaterra,4872.31,226
2014-09-26,Inglaterra,3027.01,247
2014-09-26,España,2750.51,201
2014-09-26,Italia,2829.07,177
2014-09-26,España,787.31,38
2014-09-26,Francia,3964.05,172
2014-09-26,España,3963.9,185
2014-09-26,Inglaterra,4454.35,368
2014-09-27,España,1041.01,122
2014-09-27,Francia,3900.71,189
2014-09-27,España,2470.03,213
2014-09-28,España,4056.12,343
2014-09-29,Inglaterra,2790.86,299
2014-09-29,España,1702.75,191
2014-09-29,Inglaterra,374.3,26
2014-09-29,Inglaterra,3174.14,158
2014-09-30,España,1726.34,209
2014-09-30,Francia,4452.07,188
2014-09-30,Inglaterra,1818.18,168
2014-09-30,Italia,1022.9,126
2014-10-01,Italia,4772.5,306
2014-10-01,España,3989.22,193
2014-10-01,España,262.55,33
2014-10-01,España,2145.53,153
2014-10-01,España,4903.58,245
2014-10-01,Francia,4609.91,325
2014-10-01,Inglaterra,3673.25,203
2014-10-02,Francia,1134.09,49
2014-10-02,España,2819.9,185
2014-10-02,Francia,456.15,39
2014-10-02,Francia,765.84,42
2014-10-02,Italia,4174.03,371
2014-10-03,Francia,604.9,37
2014-10-03,Italia,4035.31,423
2014-10-03,Inglaterra,249.07,11
2014-10-04,España,3641.36,335
2014-10-04,Francia,1452.77,108
2014-10-04,Italia,4171.52,514
2014-10-05,España,4328.84,272
2014-10-05,Inglaterra,2017.53,99
2014-10-06,España,3747.09,353
2014-10-06,España,4799.13,416
2014-10-06,España,2302.35,115
2014-10-06,España,1277.58,81
2014-10-06,Inglaterra,1799.6,137
2014-10-07,Inglaterra,1043.62,43
2014-10-07,Francia,2830.37,115
2014-10-07,Inglaterra,4880.46,398
2014-10-08,Italia,4192.56,380
2014-10-08,Francia,2172.09,100
2014-10-08,Italia,4569.12,214
2014-10-08,Italia,3598.18,217
2014-10-08,España,4237.59,364
2014-10-08,Francia,1761.53,177
2014-10-08,Francia,4727.23,234
2014-10-08,España,968.33,47
2014-10-09,Francia,4695.65,263
2014-10-09,Francia,3572.04,152
2014-10-09,Francia,2468.44,166
2014-10-10,Francia,3340.2,155
2014-10-10,Francia,2472.64,258
2014-10-10,España,1236.65,118
2014-10-11,Inglaterra,1052.2,47
2014-10-11,Italia,1515.26,76
2014-10-11,Francia,3339.03,166
2014-10-11,Italia,1127.72,68
2014-10-11,Italia,1001.8,42
2014-10-11,España,2253.51,106
2014-10-11,Francia,3223.22,304
2014-10-12,Francia,2697.43,134
2014-10-12,España,554.94,27
2014-10-12,Italia,1822.06,100
2014-10-12,España,1045.38,71
2014-10-12,Francia,1207.34,62
2014-10-13,España,3105.09,172
2014-10-13,España,369.27,38
2014-10-14,Francia,597.63,43
2014-10-14,Francia,1793.35,101
2014-10-15,Francia,1000.84,62
2014-10-15,Italia,441.0,18
2014-10-15,Italia,4726.9,580
2014-10-15,Francia,3426.83,151
2014-10-15,Italia,3837.16,265
2014-10-15,Francia,425.8,19
2014-10-16,Francia,732.77,36
2014-10-16,Inglaterra,1528.43,96
2014-10-16,Francia,916.07,43
2014-10-16,Francia,4004.87,273
2014-10-17,Inglaterra,2721.86,199
2014-10-17,Italia,703.95,33
2014-10-18,Inglaterra,2567.53,248
2014-10-18,Francia,3565.63,153
2014-10-18,España,884.36,41
2014-10-18,Francia,1017.18,62
2014-10-19,Francia,3056.75,214
2014-10-19,Francia,4061.72,165
2014-10-19,Francia,3214.41,175
2014-10-19,España,888.59,50
2014-10-19,Italia,1913.02,236
2014-10-20,Francia,4666.32,289
2014-10-20,España,3615.43,166
2014-10-20,Italia,426.45,19
2014-10-20,Francia,409.07,24
2014-10-20,Francia,2118.13,104
2014-10-21,Inglaterra,4409.14,366
2014-10-21,Inglaterra,2306.88,97
2014-10-21,Francia,4447.73,266
2014-10-21,Francia,4214.18,435
2014-10-22,Francia,2027.83,130
2014-10-22,Francia,4088.93,213
2014-10-22,Inglaterra,1461.38,72
2014-10-22,Francia,4187.85,323
2014-10-22,España,4573.19,186
2014-10-23,Inglaterra,2145.86,134
2014-10-23,España,3813.5,188
2014-10-23,Inglaterra,2466.47,135
2014-10-23,Francia,3175.39,381
2014-10-23,Francia,2205.75,196
2014-10-23,Inglaterra,1603.19,130
2014-10-23,Inglaterra,4652.47,270
2014-10-23,Italia,3964.56,229
2014-10-23,España,2882.35,126
2014-10-23,Francia,166.93,8
2014-10-23,Italia,3424.29,242
2014-10-24,Francia,2698.21,195
2014-10-24,Francia,1712.57,113
2014-10-24,Italia,940.41,48
2014-10-24,Francia,4978.48,262
2014-10-24,Francia,2428.47,105
2014-10-24,Francia,3833.65,200
2014-10-24,Francia,130.03,6
2014-10-24,Francia,2349.88,146
2014-10-24,Inglaterra,660.18,79
2014-10-24,Italia,3463.22,319
2014-10-24,Italia,2246.19,97
2014-10-25,Francia,4456.57,461
2014-10-25,Italia,814.86,51
2014-10-25,España,3553.64,270
2014-10-25,Italia,3307.47,177
2014-10-25,Italia,4060.99,174
2014-10-25,Francia,4186.19,307
2014-10-25,Inglaterra,3154.82,192
2014-10-26,Inglaterra,516.71,34
2014-10-26,Italia,4801.25,569
2014-10-26,Italia,203.7,15
2014-10-26,Francia,4686.18,550
2014-10-26,Inglaterra,2992.24,129
2014-10-26,Italia,512.93,33
2014-10-27,Italia,4914.49,222
2014-10-27,Italia,612.32,41
2014-10-27,Francia,2077.26,144
2014-10-27,Inglaterra,2003.29,121
2014-10-28,Francia,3908.09,195
2014-10-28,Francia,683.59,68
2014-10-28,Italia,3802.98,205
2014-10-28,Francia,4731.08,367
2014-10-28,Francia,2149.49,133
2014-10-29,Francia,974.15,44
2014-10-29,Italia,1919.94,175
2014-10-29,España,2393.5,156
2014-10-30,Francia,826.68,48
2014-10-30,Italia,2630.07,153
2014-10-30,Francia,157.65,7
2014-10-30,España,4321.66,177
2014-10-31,España,140.36,9
2014-10-31,Francia,1077.37,77
2014-10-31,Francia,3526.29,237
2014-11-01,Inglaterra,4741.41,581
2014-11-01,Inglaterra,995.05,91
2014-11-01,Italia,1615.42,120
2014-11-01,Italia,335.04,34
2014-11-01,Inglaterra,2222.07,147
2014-11-02,España,205.06,11
2014-11-03,Italia,4769.93,346
2014-11-03,Francia,3538.48,181
2014-11-03,Italia,2110.65,97
2014-11-03,España,4088.68,185
2014-11-03,Italia,4173.94,271
2014-11-03,Francia,2128.94,266
2014-11-03,Italia,1848.75,98
2014-11-03,España,3950.33,289
2014-11-04,España,1803.59,75
2014-11-04,Francia,4635.17,190
2014-11-04,Inglaterra,3243.94,220
2014-11-04,Italia,2887.95,194
2014-11-05,Francia,1340.9,65
2014-11-05,Italia,658.3,59
2014-11-05,España,1771.89,83
2014-11-05,Inglaterra,167.02,15
2014-11-05,Francia,568.86,45
2014-11-05,Francia,585.38,28
2014-11-05,Inglaterra,254.52,12
2014-11-06,España,3523.42,175
2014-11-06,Francia,954.61,104
2014-11-06,Francia,1160.8,87
2014-11-07,España,3991.4,467
2014-11-07,Francia,1277.11,57
2014-11-07,Francia,4379.58,203
2014-11-07,Inglaterra,2371.21,110
2014-11-08,Francia,4549.37,250
2014-11-09,España,3834.64,157
2014-11-09,Francia,3460.69,315
2014-11-09,Francia,606.17,29
2014-11-10,España,1583.5,117
2014-11-10,Inglaterra,2707.57,112
2014-11-10,Italia,4943.11,408
2014-11-11,Francia,2078.29,94
2014-11-11,Francia,371.9,30
2014-11-11,Italia,1997.06,101
2014-11-11,Francia,2852.81,283
2014-11-12,Italia,3023.65,242
2014-11-12,Italia,4262.17,251
2014-11-12,Francia,3218.11,287
2014-11-12,Francia,2654.97,124
2014-11-13,España,2118.3,85
2014-11-13,Francia,4927.52,300
2014-11-13,Francia,1681.79,192
2014-11-13,España,1924.0,81
2014-11-13,España,4477.87,187
2014-11-14,Francia,2783.93,273
2014-11-14,Francia,1007.31,123
2014-11-14,Francia,2383.24,97
2014-11-15,Inglaterra,3265.16,148
2014-11-15,Francia,3613.53,185
2014-11-16,Italia,3347.34,273
2014-11-16,España,4085.38,324
2014-11-16,Inglaterra,4771.84,444
2014-11-16,España,591.62,42
2014-11-16,Francia,4322.0,277
2014-11-16,Francia,2214.92,150
2014-11-16,Inglaterra,4449.19,225
2014-11-16,Francia,4401.38,506
2014-11-16,España,1292.43,65
2014-11-16,España,1730.1,98
2014-11-16,España,3775.07,303
2014-11-17,España,2517.88,136
2014-11-17,España,2503.99,152
2014-11-17,Francia,2629.01,204
2014-11-17,Francia,168.99,8
2014-11-17,España,3989.46,170
2014-11-18,Francia,3115.46,138
2014-11-18,Italia,2473.92,160
2014-11-18,Francia,937.95,72
2014-11-18,Italia,2137.99,122
2014-11-19,España,3918.1,404
2014-11-19,España,4515.83,360
2014-11-19,España,668.66,49
2014-11-19,Francia,4460.66,272
2014-11-19,Italia,4199.88,439
2014-11-19,Inglaterra,4882.79,299
2014-11-19,España,1482.01,132
2014-11-20,Inglaterra,3015.09,127
2014-11-20,España,2471.79,183
2014-11-20,España,4963.69,439
2014-11-21,España,3723.15,170
2014-11-21,Francia,1918.45,98
2014-11-21,Italia,526.46,23
2014-11-21,Italia,229.1,12
2014-11-21,Italia,4876.88,458
2014-11-21,Francia,3775.74,458
2014-11-21,España,4180.99,227
2014-11-21,España,4123.52,327
2014-11-22,Inglaterra,4994.34,228
2014-11-22,Francia,3043.62,135
2014-11-22,España,2999.18,173
2014-11-22,Italia,3100.34,131
2014-11-23,Francia,2766.84,246
2014-11-23,Francia,4115.25,422
2014-11-23,Francia,4191.35,169
2014-11-24,Francia,2036.23,118
2014-11-24,España,1091.14,47
2014-11-24,Italia,238.6,12
2014-11-24,Inglaterra,3403.58,141
2014-11-24,Francia,323.2,15
2014-11-25,Inglaterra,1328.94,74
2014-11-25,Francia,4023.06,192
2014-11-25,España,2340.77,101
2014-11-25,Francia,1789.88,202
2014-11-26,Italia,1335.76,78
2014-11-26,Francia,2788.73,194
2014-11-26,España,238.5,12
2014-11-26,España,3350.95,147
2014-11-27,Francia,3445.51,173
2014-11-27,España,3264.99,257
2014-11-27,España,4070.01,267
2014-11-28,Francia,4667.59,396
2014-11-28,Italia,4156.77,230
2014-11-29,Francia,3439.48,178
2014-11-29,Italia,4978.05,311
2014-11-29,España,4279.48,475
2014-11-29,Francia,1278.62,72
2014-11-29,España,1459.14,108
2014-11-29,Francia,996.18,50
2014-11-29,Francia,3695.93,178
2014-11-30,España,2342.4,110
2014-11-30,Francia,824.98,44
2014-11-30,Italia,1018.32,76
2014-11-30,Italia,2060.73,135
2014-11-30,España,752.81,38
2014-11-30,Italia,591.18,65
2014-11-30,Francia,396.71,45
2014-12-01,España,4105.74,314
2014-12-01,Italia,2803.72,157
2014-12-01,España,2377.76,116
2014-12-01,Francia,2453.31,139
2014-12-01,Italia,4341.93,371
2014-12-01,España,3095.4,141
2014-12-01,Italia,3003.18,280
2014-12-01,Inglaterra,1507.34,63
2014-12-01,Italia,1644.67,77
2014-12-01,Francia,3726.73,188
2014-12-02,Inglaterra,434.92,45
2014-12-02,España,511.36,30
2014-12-02,España,3155.19,190
2014-12-03,Italia,3818.77,188
2014-12-03,España,3094.95,203
2014-12-03,Italia,4827.93,245
2014-12-03,Italia,606.83,25
2014-12-03,Francia,279.87,19
2014-12-03,Francia,2464.01,142
2014-12-04,Inglaterra,4557.62,271
2014-12-04,Francia,419.44,28
2014-12-04,España,2843.43,309
2014-12-04,Italia,3312.41,205
2014-12-04,Italia,1100.91,67
2014-12-04,Italia,1611.13,107
2014-12-05,Italia,3040.61,211
2014-12-05,Italia,3211.62,163
2014-12-05,Inglaterra,4543.68,461
2014-12-05,Italia,2142.07,208
2014-12-05,Francia,1068.59,58
2014-12-05,Inglaterra,3185.4,165
2014-12-06,Francia,3099.82,244
2014-12-06,Italia,3310.64,165
2014-12-06,Francia,4663.21,218
2014-12-07,Francia,1644.42,131
2014-12-08,España,4781.53,236
2014-12-08,Italia,154.66,11
2014-12-09,Francia,2707.95,223
2014-12-09,Italia,186.75,8
2014-12-10,Francia,510.66,57
2014-12-10,Inglaterra,1551.16,139
2014-12-10,Francia,2987.43,368
2014-12-10,Francia,4167.9,219
2014-12-10,Francia,4483.15,204
2014-12-10,Francia,2157.36,155
2014-12-10,Francia,284.02,13
2014-12-10,España,726.95,62
2014-12-11,Francia,1812.18,74
2014-12-11,Inglaterra,172.67,13
2014-12-11,Italia,2046.05,88
2014-12-11,España,3799.96,395
2014-12-11,Francia,3315.58,282
2014-12-11,España,4777.72,223
2014-12-11,España,4039.04,436
2014-12-12,España,1845.27,153
2014-12-12,Italia,4013.65,268
2014-12-12,Francia,4274.0,346
2014-12-13,Inglaterra,2735.41,256
2014-12-13,España,2813.8,163
2014-12-14,Italia,2101.59,148
2014-12-14,España,3840.61,185
2014-12-15,Italia,3802.84,214
2014-12-15,Francia,1126.48,95
2014-12-15,Francia,4634.12,283
2014-12-15,España,2098.88,103
2014-12-15,Francia,1254.87,53
2014-12-15,Francia,1750.94,99
2014-12-15,Francia,1844.84,104
2014-12-15,Inglaterra,3206.6,275
2014-12-15,España,1643.78,171
2014-12-15,España,3244.7,180
2014-12-16,Italia,1864.58,76
2014-12-16,Francia,3870.48,210
2014-12-16,España,181.03,18
2014-12-16,España,2989.92,134
2014-12-17,Francia,2875.69,174
2014-12-17,Francia,220.85,17
2014-12-17,Italia,894.92,56
2014-12-17,Inglaterra,153.73,11
2014-12-17,Italia,1813.3,173
2014-12-18,Francia,3864.41,187
2014-12-18,Inglaterra,362.37,45
2014-12-18,Francia,2819.54,314
2014-12-19,Francia,4484.08,320
2014-12-19,Francia,1636.03,89
2014-12-19,Italia,2194.47,170
2014-12-19,España,3278.74,301
2014-12-19,Inglaterra,2998.1,163
2014-12-20,España,4798.05,504
2014-12-20,Francia,3089.88,231
2014-12-21,Inglaterra,2317.57,108
2014-12-21,Italia,4891.69,207
2014-12-21,Francia,4267.22,257
2014-12-21,Francia,4484.1,256
2014-12-21,Inglaterra,3514.3,227
2014-12-21,Francia,4463.07,287
2014-12-21,Italia,4803.69,250
2014-12-21,España,843.17,80
2014-12-22,Francia,2975.1,154
2014-12-22,Francia,4198.21,232
2014-12-22,España,1884.59,114
2014-12-22,Italia,109.18,8
2014-12-22,Francia,296.06,16
2014-12-23,Francia,996.15,53
2014-12-23,Francia,1763.69,72
2014-12-23,Inglaterra,4454.1,387
2014-12-24,Francia,3949.57,171
2014-12-24,España,2867.61,200
2014-12-25,España,4691.85,504
2014-12-25,Italia,4330.87,210
2014-12-26,España,931.6,49
2014-12-26,España,3050.3,200
2014-12-26,Inglaterra,3619.37,211
2014-12-26,España,2040.52,116
2014-12-26,España,4380.44,309
2014-12-27,Francia,462.42,32
2014-12-27,Inglaterra,120.98,6
2014-12-27,España,3297.38,179
2014-12-27,Francia,4867.18,239
2014-12-27,España,1262.86,55
2014-12-27,Italia,1143.29,55
2014-12-27,Francia,532.73,51
2014-12-27,España,2627.11,319
2014-12-27,Italia,4023.39,179
2014-12-27,Francia,3620.36,174
2014-12-27,España,1464.61,120
2014-12-27,Francia,813.28,76
2014-12-28,España,684.22,81
2014-12-28,Inglaterra,3172.98,292
2014-12-28,Inglaterra,416.86,34
2014-12-28,España,2428.71,105
2014-12-28,Francia,789.78,95
2014-12-28,Francia,4643.6,393
2014-12-28,Italia,3612.31,157
2014-12-28,Inglaterra,4394.5,326
2014-12-29,Francia,3178.09,170
2014-12-29,Francia,1623.15,96
2014-12-29,España,3926.57,230
2014-12-30,España,3318.78,135
2014-12-30,Italia,1788.35,158
2014-12-30,Italia,4709.12,196
2014-12-30,Inglaterra,4947.73,220
2014-12-30,España,4303.96,180
2014-12-31,Italia,3720.14,288
2014-12-31,España,1624.84,155
2014-12-31,España,4313.27,359
2014-12-31,Francia,2836.08,247
2015-01-01,España,2612.17,299
2015-01-01,Francia,1827.07,86
2015-01-01,Francia,3578.49,433
2015-01-02,Francia,454.13,43
2015-01-02,España,3498.81,324
2015-01-02,Italia,1982.55,248
2015-01-02,Francia,3378.49,191
2015-01-02,España,539.53,26
2015-01-02,Inglaterra,2960.78,232
2015-01-02,Italia,2817.45,160
2015-01-02,Inglaterra,2087.05,182
2015-01-03,Francia,106.95,5
2015-01-03,Francia,1795.27,73
2015-01-03,Italia,3140.74,144
2015-01-03,Francia,1718.52,118
2015-01-03,Francia,1211.81,100
2015-01-04,Francia,743.48,36
2015-01-04,España,3663.49,151
2015-01-05,Francia,1360.98,114
2015-01-05,Francia,3170.55,188
2015-01-05,Francia,1176.41,100
2015-01-05,Francia,912.17,61
2015-01-06,Inglaterra,1674.15,100
2015-01-06,Italia,4731.42,203
2015-01-06,Francia,3525.23,412
2015-01-06,Francia,2612.34,203
2015-01-06,Francia,3091.51,215
2015-01-07,Francia,1148.41,107
2015-01-07,Francia,1594.18,96
2015-01-08,Inglaterra,3899.05,267
2015-01-08,Francia,1426.6,110
2015-01-08,Francia,4770.95,250
2015-01-08,Inglaterra,2871.66,196
2015-01-08,Francia,226.46,19
2015-01-09,España,3783.95,203
2015-01-09,Francia,2143.57,110
2015-01-09,España,289.56,14
2015-01-09,Italia,3677.37,339
2015-01-09,España,607.53,27
2015-01-10,Italia,1367.34,72
2015-01-10,Francia,305.67,24
2015-01-10,Inglaterra,2186.23,205
2015-01-10,Inglaterra,2712.68,134
2015-01-11,Francia,3345.91,164
2015-01-11,España,1093.02,126
2015-01-12,Francia,1953.04,129
2015-01-12,Francia,2639.11,109
2015-01-12,Francia,3404.76,146
2015-01-12,Francia,1949.97,168
2015-01-12,Francia,2496.19,143
2015-01-13,Francia,3159.68,141
2015-01-13,Francia,2196.33,113
2015-01-14,Italia,2979.58,222
2015-01-14,Francia,2561.77,131
2015-01-14,Italia,2770.54,225
2015-01-14,Francia,4651.84,445
2015-01-14,Italia,2319.77,119
2015-01-15,España,272.29,25
2015-01-15,Francia,2406.73,239
2015-01-16,Francia,3060.77,180
2015-01-16,Italia,1497.15,180
2015-01-16,Italia,1997.37,202
2015-01-17,Inglaterra,578.14,24
2015-01-17,España,776.61,82
2015-01-18,Francia,213.12,11
2015-01-18,Francia,2432.31,158
2015-01-18,Italia,3853.53,171
2015-01-18,Francia,591.14,64
2015-01-18,Italia,2152.81,129
2015-01-19,Inglaterra,4735.41,336
2015-01-19,Francia,739.22,49
2015-01-19,Francia,3413.55,186
2015-01-19,Italia,1390.48,96
2015-01-20,Francia,4307.38,278
2015-01-20,España,980.21,108
2015-01-20,Italia,2478.19,144
2015-01-20,Francia,4218.2,240
2015-01-21,Italia,3837.0,164
2015-01-21,Francia,4818.58,555
2015-01-21,Francia,2800.05,234
2015-01-21,España,4671.52,260
2015-01-21,Francia,1787.75,74
2015-01-21,Italia,3409.09,349
2015-01-22,Italia,2218.44,121
2015-01-22,Inglaterra,4698.49,470
2015-01-22,Italia,4518.1,182
2015-01-22,España,524.28,29
2015-01-22,Inglaterra,4797.84,232
2015-01-23,Italia,1572.9,103
2015-01-23,Inglaterra,3429.59,160
2015-01-23,España,4396.56,239
2015-01-23,Francia,2671.07,120
2015-01-23,Italia,475.96,32
2015-01-24,Inglaterra,293.31,14
2015-01-24,Francia,3503.58,197
2015-01-24,Francia,1283.56,70
2015-01-24,Francia,3652.97,153
2015-01-24,Francia,454.32,33
2015-01-24,Inglaterra,767.25,51
2015-01-25,Italia,1399.39,82
2015-01-25,Italia,4232.33,478
2015-01-25,Inglaterra,4519.01,236
2015-01-26,Francia,1702.79,146
2015-01-26,España,4488.05,280
2015-01-26,Inglaterra,3803.78,360
2015-01-27,Francia,1097.88,89
2015-01-27,Italia,4698.46,307
2015-01-27,España,296.1,19
2015-01-28,Francia,1177.96,97
2015-01-28,Italia,646.86,75
2015-01-28,España,1024.13,58
2015-01-28,Francia,2830.99,120
2015-01-28,España,1555.87,88
2015-01-28,Francia,1387.79,68
2015-01-28,Inglaterra,2333.82,112
2015-01-29,Italia,4872.75,342
2015-01-29,Francia,2333.99,99
2015-01-29,España,277.64,14
2015-01-29,Francia,4123.44,175
2015-01-29,Francia,422.63,32
2015-01-29,Francia,1763.87,132
2015-01-29,Inglaterra,3706.8,383
2015-01-29,Inglaterra,4092.48,303
2015-01-30,Francia,932.43,39
2015-01-31,España,4428.5,246
2015-01-31,Francia,3424.84,176
2015-01-31,Francia,4454.6,223
2015-01-31,Francia,2889.74,270
2015-01-31,Francia,3654.52,332
2015-01-31,España,3497.79,228
2015-01-31,Inglaterra,865.68,46
2015-01-31,Italia,3070.95,208
2015-02-01,España,3551.68,153
2015-02-01,Francia,4169.86,205
2015-02-01,Francia,146.84,8
2015-02-01,España,414.75,23
2015-02-02,Italia,1883.73,127
2015-02-02,Francia,3589.11,400
2015-02-02,Inglaterra,831.98,42
2015-02-02,Francia,139.69,6
2015-02-02,Inglaterra,946.02,42
2015-02-02,España,2063.43,195
2015-02-02,Italia,3008.9,134
2015-02-02,Francia,3015.34,277
2015-02-02,España,4258.81,268
2015-02-03,España,4483.24,232
2015-02-03,España,4362.54,187
2015-02-03,España,1406.85,133
2015-02-03,España,720.07,37
2015-02-03,Francia,3781.24,472
2015-02-04,Francia,4775.73,216
2015-02-05,Inglaterra,3807.45,226
2015-02-05,Inglaterra,4726.45,234
2015-02-06,Francia,4284.6,190
2015-02-06,Francia,746.46,34
2015-02-06,Francia,249.08,28
2015-02-06,Inglaterra,2846.64,146
2015-02-06,Francia,3500.56,177
2015-02-07,Francia,2310.96,171
2015-02-07,Francia,930.65,75
2015-02-07,Francia,1747.18,92
2015-02-08,España,2598.47,184
2015-02-08,Francia,561.79,49
2015-02-08,España,1301.92,153
2015-02-09,Italia,3046.74,147
2015-02-09,Francia,2428.94,134
2015-02-09,Francia,1748.21,89
2015-02-09,Francia,659.16,37
2015-02-09,Francia,827.09,41
2015-02-09,España,4218.63,296
2015-02-09,Inglaterra,819.79,36
2015-02-09,Inglaterra,906.81,54
2015-02-10,Italia,1078.67,91
2015-02-10,Inglaterra,4989.78,345
2015-02-10,Italia,588.84,41
2015-02-10,España,1871.79,81
2015-02-10,Francia,1617.43,128
2015-02-11,España,3331.5,162
2015-02-11,Francia,3164.45,142
2015-02-11,Italia,1227.0,101
2015-02-11,Francia,2115.01,232
2015-02-11,España,2125.74,162
2015-02-12,Francia,1260.31,68
2015-02-13,Inglaterra,1364.98,165
2015-02-13,Francia,1687.48,73
2015-02-13,Francia,118.35,9
2015-02-13,España,723.3,34
2015-02-14,España,3891.03,249
2015-02-14,Italia,2736.59,313
2015-02-15,España,4216.38,177
2015-02-15,Italia,3423.09,197
2015-02-15,Francia,3189.07,324
2015-02-15,Inglaterra,2944.05,353
2015-02-15,España,2176.1,112
2015-02-15,Italia,2132.21,144
2015-02-15,Inglaterra,2811.8,129
2015-02-16,Italia,173.31,10
2015-02-16,Italia,4320.68,186
2015-02-16,Italia,695.78,54
2015-02-17,Italia,1497.86,112
2015-02-17,Francia,591.12,24
2015-02-17,España,225.6,18
2015-02-17,Francia,3562.8,171
2015-02-17,Francia,2367.87,164
2015-02-17,España,1152.32,53
2015-02-18,Francia,958.6,75
2015-02-18,Francia,3856.45,224
2015-02-18,Francia,4295.04,257
2015-02-18,Inglaterra,4368.82,223
2015-02-18,Francia,3021.08,142
2015-02-18,Inglaterra,1743.84,99
2015-02-19,Inglaterra,135.54,17
2015-02-19,Francia,4712.17,337
2015-02-19,Francia,4681.88,226
2015-02-19,Inglaterra,722.58,34
2015-02-19,Francia,4379.51,358
2015-02-19,Francia,1540.79,130
2015-02-20,Francia,1845.22,131
2015-02-20,Inglaterra,4752.53,201
2015-02-20,Inglaterra,3321.72,230
2015-02-20,Italia,187.15,13
2015-02-20,Italia,4331.75,500
2015-02-20,Francia,213.22,12
2015-02-20,Italia,209.03,17
2015-02-20,Italia,1934.25,84
2015-02-20,España,1952.96,89
2015-02-21,Italia,565.43,44
2015-02-21,Francia,2451.92,183
2015-02-22,Francia,1262.84,60
2015-02-22,España,4370.92,212
2015-02-22,España,3478.87,213
2015-02-23,Francia,361.37,27
2015-02-23,Francia,4988.71,204
2015-02-23,Francia,4909.89,471
2015-02-23,Italia,2248.3,226
2015-02-23,Inglaterra,1339.27,80
2015-02-24,Francia,4431.94,317
2015-02-24,España,3233.81,226
2015-02-24,España,4412.64,192
2015-02-24,Francia,1440.16,129
2015-02-24,Francia,239.75,11
2015-02-24,España,4317.57,424
2015-02-24,Francia,463.18,21
2015-02-25,Francia,1053.69,84
2015-02-26,Francia,3672.17,251
2015-02-26,Francia,1704.98,106
2015-02-26,Francia,1841.7,75
2015-02-27,España,1587.05,115
2015-02-27,Italia,2366.42,114
2015-02-27,España,1359.33,58
2015-02-28,Italia,4156.56,327
2015-02-28,Francia,3816.43,170
2015-02-28,Inglaterra,2074.57,148
2015-03-01,Francia,4172.56,351
2015-03-01,Francia,1599.69,87
2015-03-01,Italia,1212.31,88
2015-03-01,Francia,3004.03,201
2015-03-01,España,693.3,52
2015-03-02,Francia,4643.6,229
2015-03-02,España,4929.15,281
2015-03-02,Francia,3817.5,154
2015-03-02,Francia,378.52,41
2015-03-02,Francia,2458.64,120
2015-03-03,España,561.63,63
2015-03-03,Francia,3799.4,269
2015-03-03,España,4435.54,421
2015-03-03,Italia,2190.7,143
2015-03-03,Italia,1829.72,109
2015-03-04,Italia,717.9,67
2015-03-04,Italia,485.55,29
2015-03-04,España,3616.46,430
2015-03-04,Inglaterra,3780.63,272
2015-03-05,Inglaterra,724.12,34
2015-03-05,Francia,2772.28,128
2015-03-05,Inglaterra,3071.64,260
2015-03-05,Francia,2855.18,334
2015-03-05,Italia,1404.52,86
2015-03-05,Italia,3177.61,180
2015-03-05,Inglaterra,4539.18,307
2015-03-05,Italia,1148.28,47
2015-03-06,Francia,1105.4,75
2015-03-06,España,4260.27,332
2015-03-06,España,3005.48,126
2015-03-06,Italia,3418.23,174
2015-03-07,Francia,146.97,7
2015-03-07,Italia,4233.98,229
2015-03-07,Francia,2872.18,252
2015-03-07,Italia,3880.58,390
2015-03-07,Francia,1451.08,94
2015-03-08,Inglaterra,4423.74,407
2015-03-08,Francia,1870.09,111
2015-03-08,Italia,4518.53,377
2015-03-08,Italia,3952.3,218
2015-03-08,Inglaterra,2492.38,117
2015-03-08,España,1905.04,135
2015-03-09,España,4103.92,391
2015-03-09,Inglaterra,4534.88,225
2015-03-09,Inglaterra,2070.54,90
2015-03-09,Francia,3426.62,139
2015-03-09,España,4558.14,318
2015-03-09,Francia,1936.18,87
2015-03-10,Francia,308.11,19
2015-03-10,Italia,199.67,23
2015-03-11,Inglaterra,2775.52,288
2015-03-11,Italia,817.24,42
2015-03-11,España,3591.76,207
2015-03-11,Italia,3024.6,243
2015-03-11,España,1022.18,44
2015-03-12,Francia,2870.74,136
2015-03-12,Inglaterra,154.88,12
2015-03-12,Francia,1435.48,76
2015-03-12,España,4648.26,195
2015-03-13,Francia,2535.42,253
2015-03-13,España,307.57,15
2015-03-13,Francia,3734.14,276
2015-03-13,Italia,4093.54,451
2015-03-13,Italia,1860.05,219
2015-03-13,Francia,4396.61,178
2015-03-13,Inglaterra,275.17,14
2015-03-13,España,1850.63,129
2015-03-14,Francia,2362.13,286
2015-03-14,Francia,1311.01,66
2015-03-14,Francia,1924.46,197
2015-03-15,Francia,631.96,33
2015-03-15,España,4788.75,276
2015-03-15,España,1957.52,103
2015-03-15,Inglaterra,850.26,70
2015-03-16,Francia,4536.8,194
2015-03-16,Inglaterra,1937.33,101
2015-03-16,España,2594.12,124
2015-03-16,Inglaterra,3550.02,184
2015-03-16,España,4291.54,274
2015-03-16,España,2940.09,139
2015-03-16,España,2996.37,166
2015-03-17,Francia,4742.64,319
2015-03-17,Italia,796.1,64
2015-03-17,Italia,3555.05,298
2015-03-17,Francia,4209.42,459
2015-03-17,España,1324.48,72
2015-03-18,Italia,945.01,51
2015-03-18,Francia,2658.16,277
2015-03-18,Italia,3082.92,273
2015-03-18,España,4799.32,496
2015-03-19,Francia,1500.08,104
2015-03-19,Francia,3764.05,385
2015-03-20,Francia,1799.12,91
2015-03-20,Inglaterra,4086.78,250
2015-03-20,Francia,4295.87,349
2015-03-21,España,482.74,54
2015-03-21,España,231.18,13
2015-03-21,Inglaterra,1166.87,47
2015-03-22,Italia,4819.26,486
2015-03-23,Francia,1507.05,70
2015-03-24,Italia,1142.97,51
2015-03-24,España,3869.96,246
2015-03-25,Francia,396.19,30
2015-03-25,España,2967.58,156
2015-03-25,Francia,4066.42,242
2015-03-25,Italia,1201.33,85
2015-03-25,Francia,3766.76,193
2015-03-25,Inglaterra,307.44,25
2015-03-26,Italia,1676.51,130
2015-03-26,España,4266.46,255
2015-03-26,España,4865.32,608
2015-03-26,Inglaterra,2775.88,112
2015-03-27,Inglaterra,4158.54,256
2015-03-27,Francia,978.83,100
2015-03-27,Italia,1632.02,118
2015-03-27,España,1422.0,92
2015-03-27,España,637.18,47
2015-03-27,España,4097.52,182
2015-03-27,Italia,2926.86,180
2015-03-28,España,678.1,37
2015-03-28,Francia,4394.13,256
2015-03-28,Inglaterra,3165.77,333
2015-03-28,Inglaterra,726.48,84
2015-03-28,Inglaterra,1708.93,122
2015-03-28,España,184.15,13
2015-03-28,Francia,1791.5,93
2015-03-29,España,1087.09,100
2015-03-29,España,981.26,63
2015-03-30,Francia,367.24,21
2015-03-30,Francia,3817.94,192
2015-03-30,Francia,4669.89,556
2015-03-30,Italia,1059.61,45
2015-03-30,Francia,2225.11,188
2015-03-31,Italia,4009.86,458
2015-03-31,Italia,318.33,26
2015-03-31,España,4941.11,442
2015-03-31,Inglaterra,3837.99,219
2015-03-31,Francia,4796.73,226
2015-03-31,Francia,2129.58,198
2015-04-01,España,4536.33,220
2015-04-01,Francia,2388.3,154
2015-04-01,Italia,1211.67,134
2015-04-01,Italia,1010.92,65
2015-04-01,España,4729.89,302
2015-04-01,España,602.66,28
2015-04-02,Francia,1323.44,56
2015-04-02,Francia,4272.05,222
2015-04-02,Francia,4839.86,204
2015-04-02,Francia,4727.99,243
2015-04-02,Francia,4729.69,419
2015-04-02,Francia,2035.87,88
2015-04-02,Francia,2472.9,108
2015-04-02,Italia,4180.52,495
2015-04-03,Francia,4912.02,579
2015-04-03,Francia,2673.73,123
2015-04-03,Italia,4243.57,290
2015-04-03,Francia,2471.55,127
2015-04-03,Francia,3437.93,405
2015-04-04,España,4316.51,183
2015-04-04,Inglaterra,2106.64,89
2015-04-04,España,3832.21,352
2015-04-05,Francia,1508.03,66
2015-04-05,Francia,2115.6,230
2015-04-05,Francia,4232.86,430
2015-04-05,España,3784.19,185
2015-04-05,España,1092.06,51
2015-04-05,Italia,4975.76,241
2015-04-05,Italia,4815.16,361
2015-04-06,España,3941.23,197
2015-04-06,Inglaterra,784.88,32
2015-04-06,Inglaterra,2493.95,131
2015-04-06,Francia,2343.83,213
2015-04-07,Francia,4823.37,576
2015-04-07,Italia,1651.32,84
2015-04-07,Francia,3052.9,205
2015-04-07,España,3289.31,138
2015-04-07,Inglaterra,1100.9,111
2015-04-08,Francia,3530.92,273
2015-04-08,Francia,2937.46,126
2015-04-08,Italia,3306.1,152
2015-04-08,España,953.97,43
2015-04-08,España,1847.13,108
2015-04-08,Italia,3393.95,239
2015-04-09,Italia,2773.48,315
2015-04-09,Francia,1109.49,51
2015-04-10,Francia,1160.57,72
2015-04-10,Francia,942.65,105
2015-04-10,España,194.59,17
2015-04-11,Francia,2003.0,99
2015-04-11,Francia,2029.01,129
2015-04-11,Italia,557.31,65
2015-04-11,Inglaterra,189.91,11
2015-04-11,Inglaterra,4916.43,207
2015-04-11,Inglaterra,1465.7,139
2015-04-11,Italia,3881.85,178
2015-04-12,España,3106.11,181
2015-04-12,Francia,3508.64,153
2015-04-12,Francia,4798.63,204
2015-04-13,Francia,3343.26,148
2015-04-13,Francia,3011.11,164
2015-04-13,Italia,2639.74,111
2015-04-13,España,944.74,118
2015-04-13,Italia,2351.25,101
2015-04-13,Italia,2253.3,108
2015-04-13,Francia,3035.96,139
2015-04-14,España,4617.58,271
2015-04-14,Francia,3539.97,367
2015-04-14,Italia,4437.89,205
2015-04-15,Francia,701.43,40
2015-04-15,España,1742.59,175
2015-04-16,Inglaterra,4074.67,320
2015-04-16,Francia,1534.35,66
2015-04-16,Italia,2018.25,93
2015-04-16,Francia,148.8,7
2015-04-16,Francia,1379.52,65
2015-04-17,Italia,1438.1,93
2015-04-17,Inglaterra,3110.96,174
2015-04-17,España,3269.35,382
2015-04-17,Francia,688.01,28
2015-04-17,Francia,3339.54,203
2015-04-17,Francia,649.84,39
2015-04-17,Italia,4364.99,301
2015-04-18,Francia,4589.73,295
2015-04-18,Francia,739.23,62
2015-04-18,Inglaterra,4351.96,482
2015-04-18,España,2067.07,147
2015-04-18,Italia,4068.57,179
2015-04-18,Inglaterra,1550.36,142
2015-04-19,Francia,3260.91,197
2015-04-19,Francia,4802.66,218
2015-04-20,Italia,2914.73,199
2015-04-20,Italia,4253.07,205
2015-04-20,Francia,296.57,17
2015-04-20,España,4863.01,409
2015-04-21,España,1122.47,80
2015-04-21,España,428.44,47
2015-04-21,Francia,3865.16,183
2015-04-21,España,3708.82,170
2015-04-21,Francia,1818.44,102
2015-04-22,España,4148.66,414
2015-04-22,Italia,988.11,90
2015-04-22,España,545.11,27
2015-04-22,Italia,4186.55,375
2015-04-23,Inglaterra,2667.57,155
2015-04-23,España,279.19,14
2015-04-23,Italia,2757.81,171
2015-04-24,España,846.79,66
2015-04-24,Francia,4089.63,192
2015-04-24,Francia,1269.77,83
2015-04-24,Inglaterra,2192.13,98
2015-04-24,Italia,1528.42,70
2015-04-24,Francia,1015.06,51
2015-04-24,España,1835.9,163
2015-04-25,España,1841.16,173
2015-04-25,España,3045.28,305
2015-04-25,Inglaterra,1479.84,64
2015-04-25,Francia,2398.17,113
2015-04-25,Francia,3120.75,138
2015-04-25,Francia,1560.4,174
2015-04-26,Francia,3507.5,294
2015-04-26,Francia,4318.56,229
2015-04-26,Inglaterra,4931.21,283
2015-04-26,España,1145.96,48
2015-04-27,Francia,757.77,85
2015-04-27,Francia,3503.89,303
2015-04-27,Italia,4179.2,334
2015-04-27,Francia,3849.05,233
2015-04-28,Francia,1888.62,169
2015-04-28,Italia,790.34,53
2015-04-28,Francia,3483.71,147
2015-04-28,España,1721.45,114
2015-04-28,Italia,2579.43,170
2015-04-28,Francia,2690.56,116
2015-04-29,Francia,156.97,8
2015-04-29,Italia,1025.68,104
2015-04-29,Italia,1561.17,84
2015-04-29,Italia,3280.55,260
2015-04-29,Francia,2357.25,118
2015-04-29,Inglaterra,917.51,44
2015-04-29,Francia,1348.92,96
2015-04-29,España,4253.64,194
2015-04-30,España,181.04,15
2015-04-30,España,1152.29,51
2015-04-30,Francia,2737.86,160
2015-04-30,Francia,543.87,33
2015-04-30,Francia,587.36,59
2015-05-01,Francia,2122.54,125
2015-05-01,Inglaterra,3665.21,393
2015-05-01,Francia,4762.74,393
2015-05-01,Italia,1105.76,74
2015-05-02,Inglaterra,1640.14,134
2015-05-02,Inglaterra,457.54,41
2015-05-02,Francia,4057.53,423
2015-05-02,Francia,2822.95,307
2015-05-02,Italia,4388.42,188
2015-05-03,Inglaterra,1872.06,105
2015-05-03,Francia,4382.88,280
2015-05-03,Inglaterra,3953.2,179
2015-05-03,Inglaterra,731.79,86
2015-05-03,Francia,2659.63,192
2015-05-04,Italia,2333.11,115
2015-05-04,Italia,1201.99,113
2015-05-04,Francia,1276.62,64
2015-05-04,Francia,3543.97,237
2015-05-05,España,4456.06,283
2015-05-05,Francia,353.43,37
2015-05-05,Francia,4377.08,218
2015-05-05,Italia,213.24,21
2015-05-06,Francia,2887.21,239
2015-05-06,España,644.16,32
2015-05-06,Francia,2409.06,239
2015-05-06,España,1861.28,229
2015-05-06,Francia,4993.88,617
2015-05-06,Francia,459.47,27
2015-05-07,Francia,2579.32,157
2015-05-07,Inglaterra,1153.46,48
2015-05-07,Francia,1760.13,78
2015-05-07,España,1477.04,72
2015-05-08,Francia,2669.0,200
2015-05-08,Francia,3856.82,170
2015-05-08,Italia,469.08,23
2015-05-08,Francia,2831.84,126
2015-05-08,Italia,2751.05,167
2015-05-09,Italia,1556.98,153
2015-05-09,Francia,2229.58,101
2015-05-09,España,3480.85,143
2015-05-09,Francia,4960.99,205
2015-05-09,Inglaterra,2163.84,138
2015-05-10,Francia,4088.85,350
2015-05-10,Francia,2129.96,157
2015-05-10,Francia,932.21,92
2015-05-11,Italia,1184.26,101
2015-05-11,Francia,3865.49,226
2015-05-11,España,1922.29,135
2015-05-12,Francia,562.84,57
2015-05-12,Italia,2102.42,155
2015-05-12,España,2198.88,126
2015-05-12,Inglaterra,4445.97,185
2015-05-12,Francia,3041.07,172
2015-05-12,España,2600.06,150
2015-05-13,Italia,981.24,82
2015-05-13,España,2646.74,255
2015-05-13,Italia,2654.23,148
2015-05-13,España,1261.68,110
2015-05-14,España,124.62,15
2015-05-14,Francia,550.07,44
2015-05-14,Francia,3364.9,271
2015-05-14,Francia,1377.96,115
2015-05-15,España,4292.58,288
2015-05-15,Inglaterra,328.24,27
2015-05-15,España,4003.09,426
2015-05-15,España,3073.47,271
2015-05-15,Italia,2594.11,249
2015-05-16,Francia,4261.17,175
2015-05-16,Inglaterra,2372.77,126
2015-05-16,España,3904.32,170
2015-05-16,España,3077.36,176
2015-05-17,Francia,661.74,82
2015-05-17,Francia,2009.17,96
2015-05-17,Francia,2019.17,124
2015-05-17,Francia,1645.9,94
2015-05-17,Italia,3303.77,168
2015-05-18,España,1761.24,90
2015-05-18,Italia,3807.31,389
2015-05-18,Francia,467.23,57
2015-05-18,Italia,4025.93,475
2015-05-19,España,4942.2,222
2015-05-19,Italia,4717.44,297
2015-05-19,España,2112.81,85
2015-05-19,Francia,4672.97,470
2015-05-20,Francia,2618.44,133
2015-05-20,España,3113.86,171
2015-05-20,Inglaterra,4908.51,576
2015-05-20,Italia,3973.9,173
2015-05-21,Italia,967.96,57
2015-05-21,Francia,1484.24,106
2015-05-21,Italia,594.36,30
2015-05-21,Francia,2995.83,170
2015-05-21,Italia,1103.53,57
2015-05-21,Francia,4490.48,183
2015-05-21,Inglaterra,859.21,39
2015-05-21,Italia,754.44,51
2015-05-22,Inglaterra,2920.05,347
2015-05-22,Italia,4638.33,195
2015-05-22,Francia,4954.93,336
2015-05-22,España,486.03,55
2015-05-22,Italia,1867.95,145
2015-05-22,Francia,4133.81,407
2015-05-23,Italia,3309.04,356
2015-05-23,España,4319.54,250
2015-05-23,Francia,393.9,29
2015-05-23,Italia,4585.84,351
2015-05-23,España,3559.09,194
2015-05-23,Inglaterra,1122.85,46
2015-05-24,Francia,208.58,12
2015-05-24,España,4325.78,309
2015-05-24,Francia,3432.3,369
2015-05-24,Italia,4466.15,298
2015-05-25,Francia,695.93,31
2015-05-25,Italia,3303.64,133
2015-05-25,Francia,4212.92,471
2015-05-26,Francia,1294.81,53
2015-05-26,Italia,1904.72,98
2015-05-26,Francia,2354.32,153
2015-05-26,Francia,3763.95,355
2015-05-26,Francia,4541.14,268
2015-05-27,Inglaterra,284.96,27
2015-05-27,Francia,2200.88,143
2015-05-27,España,2058.23,83
2015-05-27,Francia,2868.59,264
2015-05-27,Italia,4635.09,197
2015-05-27,España,4090.65,362
2015-05-27,Italia,4103.72,170
2015-05-28,Francia,3966.46,167
2015-05-28,Italia,4586.03,365
2015-05-28,Francia,2981.62,181
2015-05-29,Italia,2835.34,181
2015-05-29,España,4013.98,194
2015-05-29,España,2355.89,167
2015-05-30,Italia,4926.55,476
2015-05-31,Italia,4798.12,237
2015-05-31,Francia,1543.78,76
2015-05-31,España,2204.79,133
2015-05-31,Italia,4561.01,207
2015-05-31,España,691.62,71
2015-05-31,Francia,2948.56,185
2015-05-31,Francia,4351.33,214
2015-05-31,Francia,4316.96,227
2015-05-31,Francia,2707.34,122
2015-05-31,Francia,4412.52,317
2015-05-31,España,3771.16,181
2015-05-31,España,801.51,38
2015-06-01,Italia,2628.65,269
2015-06-02,España,2334.92,168
2015-06-02,Italia,4332.95,270
2015-06-02,Francia,771.13,34
2015-06-02,Francia,4074.01,246
2015-06-02,Inglaterra,2917.27,126
2015-06-02,Francia,2453.16,151
2015-06-02,Francia,2296.31,117
2015-06-02,Francia,3102.99,190
2015-06-03,Francia,1226.81,102
2015-06-03,Inglaterra,1617.82,79
2015-06-03,Francia,575.07,28
2015-06-03,Italia,297.36,13
2015-06-03,España,1307.65,67
2015-06-03,Italia,1767.1,79
2015-06-03,Italia,3612.5,192
2015-06-04,España,2405.45,219
2015-06-04,Italia,2268.11,188
2015-06-04,Francia,128.03,6
2015-06-05,Italia,4383.83,240
2015-06-05,España,4113.78,382
2015-06-05,Francia,838.88,83
2015-06-05,Italia,3385.04,137
2015-06-05,Francia,2430.08,152
2015-06-06,Francia,4965.23,217
2015-06-06,Italia,2517.17,139
2015-06-06,Francia,2089.46,209
2015-06-06,Francia,2055.79,143
2015-06-06,Francia,931.98,71
2015-06-06,Italia,3590.73,159
2015-06-06,Italia,2179.73,122
2015-06-06,España,1219.25,52
2015-06-07,Italia,3280.32,143
2015-06-07,Inglaterra,3331.06,387
2015-06-07,Francia,1049.13,77
2015-06-07,Inglaterra,2199.96,155
2015-06-07,Francia,2890.22,141
2015-06-08,Francia,4368.73,300
2015-06-08,Francia,3967.73,248
2015-06-08,Francia,1792.69,114
2015-06-08,Francia,254.91,13
2015-06-08,Italia,872.67,95
2015-06-08,Italia,3333.63,238
2015-06-08,Italia,1703.28,94
2015-06-09,Francia,1434.01,87
2015-06-09,Francia,3332.02,164
2015-06-10,Italia,3847.75,285
2015-06-10,Francia,2640.2,116
2015-06-10,Francia,2093.71,253
2015-06-10,España,1690.44,76
2015-06-10,Francia,4442.85,496
2015-06-10,Francia,4034.66,228
2015-06-10,España,4327.1,429
2015-06-10,España,2533.46,151
2015-06-10,España,4260.75,281
2015-06-11,Inglaterra,3035.16,188
2015-06-11,Inglaterra,2483.49,166
2015-06-11,Francia,3122.74,151
2015-06-11,Francia,771.81,43
2015-06-11,Italia,4488.78,225
2015-06-11,España,4102.05,373
2015-06-11,Francia,3495.56,171
2015-06-12,Italia,4694.64,228
2015-06-12,Italia,3189.98,158
2015-06-12,Inglaterra,4296.23,205
2015-06-12,España,2558.34,205
2015-06-12,Francia,1920.45,142
2015-06-12,Italia,1682.91,75
2015-06-13,España,520.47,30
2015-06-13,Francia,4947.11,323
2015-06-13,Inglaterra,1455.68,75
2015-06-13,Inglaterra,558.11,38
2015-06-14,Francia,4695.3,206
2015-06-14,Francia,582.34,29
2015-06-14,Italia,3386.72,347
2015-06-14,Francia,1118.65,45
2015-06-14,Francia,3485.51,252
2015-06-14,Francia,3563.27,340
2015-06-14,Italia,4660.56,222
2015-06-15,Italia,4464.27,267
2015-06-15,Inglaterra,2206.43,95
2015-06-15,Francia,3985.67,205
2015-06-16,Francia,364.1,32
2015-06-16,Francia,1385.35,61
2015-06-16,España,2610.2,274
2015-06-16,España,3609.25,167
2015-06-17,Italia,2215.49,100
2015-06-17,Italia,1694.8,130
2015-06-17,Francia,2618.75,227
2015-06-17,Italia,3446.53,246
2015-06-18,Italia,2702.44,246
2015-06-18,Italia,4030.11,312
2015-06-18,Francia,2458.25,143
2015-06-18,Italia,3314.15,169
2015-06-18,Italia,4911.4,253
2015-06-18,Francia,3970.75,200
2015-06-18,Francia,4566.12,352
2015-06-18,Francia,1253.1,78
2015-06-19,Francia,2565.82,132
2015-06-19,Inglaterra,1947.05,82
2015-06-19,Inglaterra,1185.81,131
2015-06-19,Francia,4987.82,575
2015-06-19,Italia,1159.32,50
2015-06-19,Francia,3838.8,196
2015-06-20,Francia,918.79,37
2015-06-20,Inglaterra,324.67,15
2015-06-21,Italia,2177.11,130
2015-06-21,Francia,317.3,20
2015-06-21,Francia,282.54,12
2015-06-21,Francia,4933.35,199
2015-06-21,Italia,374.23,30
2015-06-21,Francia,2395.21,299
2015-06-21,Francia,3939.75,187
2015-06-22,Francia,2817.11,221
2015-06-22,Francia,2899.92,137
2015-06-22,Francia,838.59,43
2015-06-22,Francia,1417.11,68
2015-06-22,Francia,2049.99,173
2015-06-22,Francia,126.16,7
2015-06-22,Francia,2053.43,89
2015-06-23,Inglaterra,2663.57,132
2015-06-23,Francia,3066.46,216
2015-06-23,Francia,3142.28,135
2015-06-23,Inglaterra,4645.89,188
2015-06-23,Francia,2430.69,113
2015-06-24,Italia,3499.41,148
2015-06-24,España,2947.81,171
2015-06-24,España,4380.98,257
2015-06-24,Francia,1920.77,112
2015-06-24,Italia,2104.03,206
2015-06-25,España,3190.82,289
2015-06-25,España,4958.39,313
2015-06-25,Francia,2546.14,116
2015-06-25,Italia,3393.53,255
2015-06-25,Francia,3427.28,240
2015-06-25,Francia,363.12,23
2015-06-26,Francia,4130.43,451
2015-06-26,España,2136.99,95
2015-06-26,Italia,503.53,24
2015-06-27,España,2620.2,113
2015-06-28,Italia,811.93,38
2015-06-28,España,2184.61,237
2015-06-28,Italia,1618.21,105
2015-06-28,España,534.3,26
2015-06-29,Francia,2271.07,227
2015-06-29,Francia,4134.92,200
2015-06-29,España,4102.62,424
2015-06-30,Francia,1014.83,75
2015-06-30,Inglaterra,2824.68,134
2015-06-30,España,1213.03,58
2015-06-30,Inglaterra,4853.28,328
2015-06-30,Italia,3059.95,190
2015-06-30,Italia,3110.61,158
2015-07-01,Francia,1640.94,108
2015-07-01,Italia,597.7,68
2015-07-01,Francia,4908.94,440
2015-07-01,Inglaterra,4739.65,210
2015-07-01,Inglaterra,2733.05,140
2015-07-02,Italia,1358.03,87
2015-07-02,España,1596.62,104
2015-07-02,Inglaterra,1697.75,93
2015-07-02,Francia,1812.29,217
2015-07-02,Italia,3371.28,180
2015-07-03,Italia,4652.67,239
2015-07-03,Francia,3832.85,263
2015-07-03,Italia,1797.36,107
2015-07-03,España,1976.29,95
2015-07-03,España,1246.74,86
2015-07-03,Francia,1406.1,158
2015-07-04,España,2746.32,119
2015-07-04,Francia,4107.78,247
2015-07-04,Italia,686.19,51
2015-07-04,Inglaterra,4480.87,189
2015-07-04,Italia,2819.59,303
2015-07-05,España,4092.5,235
2015-07-05,Francia,2100.29,168
2015-07-05,Francia,1309.89,60
2015-07-05,España,3412.67,203
2015-07-06,Francia,1202.79,59
2015-07-06,España,1822.49,144
2015-07-06,Francia,3180.85,274
2015-07-06,Italia,2786.2,171
2015-07-06,España,3054.25,133
2015-07-06,España,4552.59,350
2015-07-06,Francia,904.89,38
2015-07-07,Italia,4594.79,203
2015-07-07,Francia,3022.41,155
2015-07-07,Francia,4387.39,381
2015-07-07,Inglaterra,1683.63,83
2015-07-07,España,2252.59,189
2015-07-07,Italia,3725.0,235
2015-07-08,Francia,3926.63,165
2015-07-08,Inglaterra,915.43,55
2015-07-08,Francia,1102.66,46
2015-07-08,Inglaterra,2013.53,150
2015-07-08,Francia,1384.6,107
2015-07-08,España,1408.6,150
2015-07-08,Francia,657.44,36
2015-07-09,Francia,2879.11,117
2015-07-09,Francia,2667.78,121
2015-07-09,España,360.29,32
2015-07-09,Francia,419.17,19
2015-07-09,Francia,2547.08,128
2015-07-10,Francia,4978.19,271
2015-07-10,Francia,4569.93,347
2015-07-10,Francia,1070.71,98
2015-07-10,Francia,138.02,9
2015-07-10,Italia,3047.21,148
2015-07-10,España,1920.03,133
2015-07-10,Francia,1711.34,100
2015-07-10,Francia,2616.9,127
2015-07-10,Francia,4752.73,504
2015-07-11,Francia,2979.05,159
2015-07-11,Francia,3697.12,289
2015-07-11,Francia,737.95,40
2015-07-12,España,2958.59,327
2015-07-12,Francia,4935.3,285
2015-07-12,Italia,3439.52,286
2015-07-12,Francia,4103.22,167
2015-07-12,Italia,925.99,56
2015-07-13,Francia,1006.23,72
2015-07-13,Italia,521.27,28
2015-07-13,Italia,2329.04,193
2015-07-13,Francia,1759.53,114
2015-07-13,Francia,2344.27,97
2015-07-14,Italia,4284.68,212
2015-07-14,Francia,4772.92,225
2015-07-14,Inglaterra,2066.49,209
2015-07-14,Italia,550.5,32
2015-07-14,Italia,4297.26,217
2015-07-14,Francia,4387.67,333
2015-07-14,Inglaterra,4204.06,295
2015-07-14,Francia,4898.38,347
2015-07-15,Francia,603.76,63
2015-07-15,Inglaterra,3040.99,275
2015-07-15,España,989.29,42
2015-07-15,Francia,3430.41,190
2015-07-15,Inglaterra,644.38,43
2015-07-15,Inglaterra,2923.52,189
2015-07-16,Inglaterra,2324.87,129
2015-07-16,Inglaterra,4251.33,171
2015-07-17,Italia,4441.76,486
2015-07-17,Italia,2702.87,243
2015-07-17,Francia,456.14,34
2015-07-17,Francia,3476.87,276
2015-07-18,Inglaterra,1619.72,136
2015-07-18,Francia,1026.18,62
2015-07-18,España,1712.77,80
2015-07-18,Francia,4997.58,317
2015-07-18,Francia,2421.42,153
2015-07-18,Francia,3633.57,162
2015-07-19,Inglaterra,1017.01,89
2015-07-19,Italia,3580.19,201
2015-07-19,España,3477.77,192
2015-07-19,Francia,4797.58,223
2015-07-19,Francia,1267.49,130
2015-07-19,Francia,986.77,49
2015-07-19,Inglaterra,2059.31,113
2015-07-20,Italia,1723.83,100
2015-07-20,Francia,4690.19,253
2015-07-20,Francia,1869.36,102
2015-07-20,Inglaterra,510.04,28
2015-07-21,Francia,355.71,18
2015-07-21,Inglaterra,3145.98,169
2015-07-21,Francia,2763.1,127
2015-07-21,Inglaterra,1452.02,63
2015-07-21,Francia,1550.8,107
2015-07-22,Italia,1356.45,78
2015-07-23,Francia,4017.94,412
2015-07-23,España,3070.35,140
2015-07-23,Francia,3384.29,227
2015-07-23,España,120.1,8
2015-07-23,Francia,4692.01,189
2015-07-23,Italia,4450.31,484
2015-07-24,Italia,1528.73,108
2015-07-24,España,1576.01,171
2015-07-25,Francia,1515.55,104
2015-07-25,Francia,3105.61,148
2015-07-25,Italia,4793.31,356
2015-07-25,Inglaterra,1110.12,46
2015-07-25,Francia,4241.03,275
2015-07-25,Inglaterra,3166.71,297
2015-07-25,Inglaterra,4584.73,524
2015-07-25,Francia,3785.56,205
2015-07-25,España,2605.35,197
2015-07-25,Francia,440.95,44
2015-07-25,Inglaterra,3914.91,217
2015-07-25,Inglaterra,248.95,19
2015-07-26,Inglaterra,1795.41,119
2015-07-26,España,724.36,39
2015-07-26,Francia,4309.33,194
2015-07-26,Italia,2680.78,148
2015-07-26,Inglaterra,1524.64,69
2015-07-27,Italia,2082.13,85
2015-07-27,Inglaterra,4408.01,206
2015-07-27,España,4602.38,517
2015-07-27,España,979.69,49
2015-07-27,Francia,303.86,23
2015-07-28,Francia,4325.03,314
2015-07-28,Italia,1680.54,101
2015-07-28,Francia,3738.04,236
2015-07-28,Francia,4579.62,186
2015-07-28,Francia,1820.96,112
2015-07-28,España,412.75,39
2015-07-28,Italia,3970.35,318
2015-07-29,Francia,4305.94,207
2015-07-29,Francia,4217.77,228
2015-07-29,Italia,1925.1,120
2015-07-29,Francia,3905.54,164
2015-07-29,Italia,494.53,36
2015-07-29,Italia,3397.46,283
2015-07-29,Inglaterra,4948.87,335
2015-07-29,Italia,391.68,17
2015-07-30,Francia,4898.27,306
2015-07-30,Francia,353.55,15
2015-07-30,Inglaterra,1471.94,113
2015-07-31,Francia,2263.38,109
2015-07-31,Francia,4974.58,217
2015-07-31,Francia,3930.44,369
2015-07-31,España,4477.37,233
2015-07-31,Inglaterra,4496.3,200
2015-07-31,España,2431.4,119
2015-07-31,Francia,3315.13,156
2015-07-31,Francia,4444.16,215
2015-08-01,España,608.98,36
2015-08-01,Italia,3926.77,230
2015-08-01,Francia,2241.68,94
2015-08-01,Francia,4623.41,261
2015-08-01,Inglaterra,3659.56,388
2015-08-01,Francia,1178.63,125
2015-08-02,Italia,4762.86,283
2015-08-02,Italia,584.45,48
2015-08-02,Francia,1473.93,90
2015-08-02,Inglaterra,571.61,50
2015-08-02,Inglaterra,2891.57,169
2015-08-02,Italia,3806.03,156
2015-08-03,Francia,2234.47,106
2015-08-03,Francia,4459.5,196
2015-08-03,Italia,1735.83,113
2015-08-03,Francia,3192.22,221
2015-08-04,Francia,1798.23,177
2015-08-04,España,3883.55,183
2015-08-04,Inglaterra,882.19,55
2015-08-04,Francia,1871.24,85
2015-08-04,Francia,3208.76,157
2015-08-04,Italia,556.75,25
2015-08-05,España,2487.52,103
2015-08-05,Italia,4408.44,293
2015-08-05,Francia,3369.5,144
2015-08-05,Francia,864.0,56
2015-08-05,España,2223.57,105
2015-08-05,España,3081.67,213
2015-08-05,España,2374.26,119
2015-08-05,España,4163.5,398
2015-08-05,España,2417.87,257
2015-08-05,España,2773.94,209
2015-08-05,Francia,257.86,14
2015-08-05,Inglaterra,168.51,8
2015-08-06,Inglaterra,3806.74,204
2015-08-06,Italia,2398.91,117
2015-08-06,Inglaterra,2524.49,130
2015-08-06,Francia,3647.64,222
2015-08-06,Inglaterra,2992.47,191
2015-08-07,Francia,849.15,58
2015-08-07,Inglaterra,3219.07,132
2015-08-07,Italia,1437.84,151
2015-08-08,España,4080.77,299
2015-08-08,Italia,3679.77,249
2015-08-08,Francia,4567.51,226
2015-08-09,España,2225.54,197
2015-08-09,España,4859.36,208
2015-08-09,Italia,3301.03,225
2015-08-09,España,3862.89,155
2015-08-09,Inglaterra,1402.16,145
2015-08-10,Francia,3675.07,396
2015-08-10,Inglaterra,2285.96,188
2015-08-10,España,2971.48,123
2015-08-10,Inglaterra,4953.77,311
2015-08-10,Francia,528.42,53
2015-08-10,Francia,2222.09,150
2015-08-10,Francia,317.54,37
2015-08-11,España,2612.41,117
2015-08-11,Inglaterra,2865.77,308
2015-08-11,Inglaterra,2069.41,95
2015-08-12,Francia,479.68,45
2015-08-12,España,2197.83,99
2015-08-12,Francia,2654.21,141
2015-08-13,España,396.14,37
2015-08-13,Francia,3064.21,130
2015-08-13,Francia,649.79,34
2015-08-13,Italia,1624.1,91
2015-08-13,Italia,1177.43,48
2015-08-13,España,1177.68,62
2015-08-14,Inglaterra,3147.22,295
2015-08-14,Francia,4756.39,271
2015-08-14,España,4951.94,253
2015-08-14,Inglaterra,1151.33,83
2015-08-14,Francia,3128.38,126
2015-08-14,Italia,4636.18,359
2015-08-14,Francia,4686.27,188
2015-08-14,Francia,3031.15,172
2015-08-15,Francia,1139.41,55
2015-08-15,Francia,4182.73,208
2015-08-15,España,2794.9,287
2015-08-15,España,1820.6,94
2015-08-15,Francia,4249.24,267
2015-08-15,Francia,3256.78,138
2015-08-15,Italia,3246.43,185
2015-08-16,Italia,1889.7,82
2015-08-16,Francia,4224.29,450
2015-08-16,Italia,2104.8,106
2015-08-16,Francia,4560.09,289
2015-08-16,Francia,3954.6,184
2015-08-16,Italia,923.89,110
2015-08-16,Francia,2055.64,128
2015-08-17,Francia,2049.97,111
2015-08-17,Italia,3064.85,181
2015-08-17,Francia,3019.46,142
2015-08-17,Inglaterra,702.09,44
2015-08-18,Italia,1904.49,79
2015-08-18,Inglaterra,4408.68,332
2015-08-18,Francia,4247.11,266
2015-08-18,España,1691.51,79
2015-08-19,España,373.1,18
2015-08-19,Francia,2649.7,298
2015-08-19,Italia,948.7,54
2015-08-20,España,787.4,42
2015-08-20,España,1865.85,94
2015-08-20,Francia,593.96,53
2015-08-20,Francia,2858.61,128
2015-08-20,Francia,1359.86,64
2015-08-20,España,1470.01,73
2015-08-21,Italia,904.16,106
2015-08-21,Inglaterra,4155.63,216
2015-08-21,Italia,4754.02,550
2015-08-21,España,4647.24,424
2015-08-21,España,3153.96,263
2015-08-22,Francia,983.42,92
2015-08-22,España,1103.62,119
2015-08-22,Francia,1630.79,177
2015-08-22,Francia,2156.39,113
2015-08-23,Francia,3465.42,148
2015-08-23,Francia,4172.31,201
2015-08-23,España,286.95,15
2015-08-24,España,2138.74,173
2015-08-24,España,2926.92,225
2015-08-25,Italia,4468.12,206
2015-08-25,Francia,2776.77,265
2015-08-26,Francia,4200.93,210
2015-08-26,Italia,3992.33,284
2015-08-26,España,298.39,27
2015-08-26,España,3165.39,168
2015-08-27,Francia,4384.05,220
2015-08-27,Inglaterra,885.93,64
2015-08-27,Italia,4275.85,487
2015-08-27,Francia,4173.49,248
2015-08-28,Italia,2399.58,98
2015-08-28,Francia,3006.97,365
2015-08-29,Francia,209.28,9
2015-08-29,Italia,4445.0,202
2015-08-29,Francia,4922.41,229
2015-08-29,Francia,3571.54,251
2015-08-30,España,4393.4,185
2015-08-30,Inglaterra,4682.57,248
2015-08-30,España,2857.29,126
2015-08-30,España,507.77,27
2015-08-31,España,1334.87,73
2015-08-31,Francia,4467.29,290
2015-08-31,Francia,2799.63,140
2015-08-31,España,3814.83,298
2015-08-31,Francia,1465.67,103
2015-08-31,Italia,3848.71,225
2015-08-31,Italia,3914.87,214
2015-08-31,Italia,940.46,39
2015-08-31,España,1194.72,88
2015-08-31,España,532.56,28
2015-08-31,Inglaterra,1231.01,101
2015-09-01,España,3102.99,141
2015-09-01,Italia,235.4,10
2015-09-01,Francia,4582.9,343
2015-09-01,Francia,1993.44,189
2015-09-01,Francia,1229.07,50
2015-09-01,Francia,1582.27,139
2015-09-01,España,3556.96,168
2015-09-01,España,1213.24,56
2015-09-02,Italia,3329.74,270
2015-09-02,España,1977.02,96
2015-09-02,España,4814.17,228
2015-09-02,Inglaterra,1763.52,143
2015-09-02,Inglaterra,1011.22,44
2015-09-03,Italia,2733.86,219
2015-09-03,Italia,4422.84,465
2015-09-03,Francia,370.57,17
2015-09-03,Italia,4180.93,376
2015-09-04,Francia,854.47,66
2015-09-04,Francia,2320.37,119
2015-09-04,Francia,1633.43,81
2015-09-04,Francia,833.22,61
2015-09-05,Francia,2136.95,146
2015-09-05,Inglaterra,2194.33,109
2015-09-05,Francia,3086.58,177
2015-09-05,Italia,1222.67,101
2015-09-06,Francia,4191.65,262
2015-09-06,España,3131.13,133
2015-09-06,Francia,4734.64,270
2015-09-06,Francia,3819.03,212
2015-09-07,España,4072.26,372
2015-09-07,Francia,3823.99,302
2015-09-07,Francia,2006.7,94
2015-09-07,Italia,2955.34,353
2015-09-08,España,4229.32,193
2015-09-08,Italia,1832.39,100
2015-09-08,Inglaterra,1221.82,60
2015-09-08,Francia,3821.48,334
2015-09-08,Inglaterra,1590.49,78
2015-09-08,Francia,3809.27,447
2015-09-09,Francia,740.6,40
2015-09-09,Italia,4917.88,209
2015-09-09,Italia,2312.33,158
2015-09-09,Francia,1369.09,110
2015-09-09,Francia,3069.94,188
2015-09-10,Italia,2729.12,156
2015-09-10,Francia,4312.26,236
2015-09-10,España,842.78,35
2015-09-10,España,2828.31,219
2015-09-11,Francia,3841.8,244
2015-09-11,Francia,4606.06,405
2015-09-11,Italia,901.85,39
2015-09-11,Francia,4449.99,504
2015-09-11,Francia,2085.12,251
2015-09-11,España,2933.81,358
2015-09-11,Inglaterra,1668.05,161
2015-09-12,Inglaterra,1344.7,70
2015-09-12,España,546.31,28
2015-09-12,Francia,931.64,46
2015-09-12,Francia,1625.89,105
2015-09-12,Francia,4953.28,582
2015-09-13,Inglaterra,1461.04,83
2015-09-13,Francia,1999.15,148
2015-09-13,Inglaterra,3988.6,171
2015-09-13,Inglaterra,1311.16,103
2015-09-13,Italia,3564.97,252
2015-09-14,Inglaterra,2813.77,129
2015-09-14,Inglaterra,2497.72,146
2015-09-15,España,1102.51,98
2015-09-15,Inglaterra,2421.54,108
2015-09-15,Italia,4715.33,388
2015-09-15,España,4531.68,317
2015-09-15,Italia,931.34,59
2015-09-15,Inglaterra,4501.32,303
2015-09-16,Francia,2914.41,215
2015-09-16,Francia,3243.3,203
2015-09-16,Italia,4126.07,242
2015-09-16,Inglaterra,753.57,45
2015-09-17,Italia,4679.33,381
2015-09-17,Francia,4375.08,269
2015-09-17,Inglaterra,3840.21,407
2015-09-17,Italia,655.79,36
2015-09-17,Francia,2061.07,161
2015-09-17,Italia,2409.7,101
2015-09-17,España,4926.67,346
2015-09-17,España,2450.2,99
2015-09-18,Inglaterra,3143.51,332
2015-09-18,España,1422.18,103
2015-09-18,Francia,1941.22,106
2015-09-19,Italia,2372.94,196
2015-09-19,Francia,4852.64,270
2015-09-19,Francia,3801.72,431
2015-09-19,Francia,2957.66,310
2015-09-19,Italia,4049.95,244
2015-09-20,España,257.34,21
2015-09-20,Francia,2141.87,113
2015-09-20,Francia,2636.48,134
2015-09-20,Francia,2447.3,135
2015-09-20,Francia,4312.67,434
2015-09-20,España,2437.94,119
2015-09-21,Francia,3103.95,182
2015-09-21,Francia,4770.57,500
2015-09-21,España,3640.06,215
2015-09-21,Inglaterra,4136.61,265
2015-09-21,Inglaterra,2997.09,187
2015-09-21,España,965.41,53
2015-09-22,Francia,4597.23,521
2015-09-22,España,4456.55,211
2015-09-22,Inglaterra,731.18,84
2015-09-23,Francia,1752.91,149
2015-09-23,Inglaterra,2714.59,111
2015-09-24,Francia,3648.6,393
2015-09-24,Francia,1617.85,69
2015-09-24,Italia,4250.36,288
2015-09-25,Francia,306.54,18
2015-09-25,Inglaterra,854.97,37
2015-09-25,Italia,161.7,10
2015-09-26,Italia,4496.75,476
2015-09-26,Francia,3869.23,258
2015-09-26,Inglaterra,4220.36,361
2015-09-26,Francia,2292.16,191
2015-09-26,Francia,2797.41,176
2015-09-26,Francia,2375.57,192
2015-09-26,Francia,2131.64,95
2015-09-27,Francia,3850.22,196
2015-09-27,España,2519.61,258
2015-09-28,España,2377.87,277
2015-09-28,Francia,282.16,12
2015-09-28,Italia,4275.96,212
2015-09-28,España,1671.75,78
2015-09-29,España,2843.22,206
2015-09-29,Italia,1556.77,81
2015-09-29,España,782.06,45
2015-09-29,España,3251.58,164
2015-09-29,España,3096.5,192
2015-09-30,Italia,4528.46,481
2015-09-30,España,4482.08,294
2015-10-01,Francia,4174.52,283
2015-10-01,Francia,1338.13,70
2015-10-01,Francia,2681.17,224
2015-10-01,España,3086.89,139
2015-10-02,Francia,2399.3,138
2015-10-02,Inglaterra,359.57,22
2015-10-02,Francia,315.46,21
2015-10-02,Francia,121.43,6
2015-10-03,Francia,3950.42,270
2015-10-04,Italia,2393.52,161
2015-10-04,Francia,1045.77,112
2015-10-04,Inglaterra,3715.97,422
2015-10-04,Italia,2033.56,155
2015-10-04,Italia,4726.7,308
2015-10-05,Italia,4908.75,399
2015-10-05,Italia,3505.34,245
2015-10-05,España,3986.83,350
2015-10-05,España,2422.21,212
2015-10-05,Francia,1360.17,66
2015-10-06,Inglaterra,1582.85,75
2015-10-06,España,918.5,60
2015-10-06,España,941.99,108
2015-10-06,Francia,3632.0,208
2015-10-06,Italia,3340.39,185
2015-10-06,España,1235.77,68
2015-10-06,Inglaterra,1044.5,50
2015-10-07,España,2220.97,148
2015-10-07,Inglaterra,4145.48,246
2015-10-07,España,586.05,66
2015-10-08,Francia,1162.11,49
2015-10-08,Italia,425.44,21
2015-10-08,Francia,2527.75,138
2015-10-09,Italia,4041.54,170
2015-10-09,Francia,1659.56,124
2015-10-09,Francia,4863.27,306
2015-10-09,España,3294.67,362
2015-10-09,Italia,1447.7,76
2015-10-09,Italia,1419.85,136
2015-10-10,Francia,480.47,27
2015-10-10,Francia,3956.8,201
2015-10-10,España,2818.55,329
2015-10-10,Italia,2780.44,182
2015-10-10,Francia,2294.67,120
2015-10-10,Francia,4894.62,334
2015-10-11,Italia,2078.41,167
2015-10-11,Inglaterra,3418.23,410
2015-10-11,Francia,2020.94,91
2015-10-11,Italia,4534.93,373
2015-10-11,Francia,2436.3,225
2015-10-11,Italia,1902.38,108
2015-10-12,Inglaterra,1342.15,54
2015-10-12,Inglaterra,753.6,31
2015-10-12,Italia,4253.3,427
2015-10-12,Inglaterra,2808.46,259
2015-10-12,España,4832.38,223
2015-10-12,Italia,4645.43,442
2015-10-12,España,203.02,17
2015-10-12,Francia,127.7,15
2015-10-13,Francia,197.41,10
2015-10-13,España,838.61,45
2015-10-13,Francia,634.1,38
2015-10-13,España,1631.28,133
2015-10-13,España,941.3,43
2015-10-14,España,1550.52,102
2015-10-14,Francia,1969.94,163
2015-10-14,Francia,1854.62,124
2015-10-14,Francia,4164.66,183
2015-10-14,España,4385.08,309
2015-10-14,Italia,2998.49,235
2015-10-14,Francia,3908.78,324
2015-10-14,España,545.4,28
2015-10-14,España,3472.59,157
2015-10-14,España,387.1,29
2015-10-15,Francia,2498.85,152
2015-10-15,Francia,1300.27,63
2015-10-15,Inglaterra,4914.16,251
2015-10-16,Italia,1532.41,108
2015-10-16,Francia,4503.6,273
2015-10-17,Inglaterra,2734.48,141
2015-10-17,Italia,3386.25,164
2015-10-17,Francia,1920.71,159
2015-10-17,Inglaterra,3477.23,214
2015-10-17,España,263.75,14
2015-10-17,España,3521.74,366
2015-10-18,Francia,4674.27,453
2015-10-18,Francia,4562.91,452
2015-10-18,Inglaterra,2668.15,184
2015-10-18,España,4305.63,186
2015-10-18,Italia,2017.75,204
2015-10-19,Francia,1123.3,127
2015-10-19,Inglaterra,741.13,31
2015-10-19,Francia,4630.65,231
2015-10-19,Francia,4270.35,411
2015-10-20,Francia,1057.57,51
2015-10-20,Italia,4709.51,208
2015-10-21,Francia,3431.38,210
2015-10-21,España,1348.32,68
2015-10-21,Francia,1132.33,88
2015-10-22,Francia,1709.69,193
2015-10-22,Francia,3611.9,196
2015-10-22,Inglaterra,3973.0,286
2015-10-22,Francia,3160.14,159
2015-10-22,España,786.32,63
2015-10-22,Francia,3341.06,257
2015-10-22,Francia,2344.53,196
2015-10-23,Inglaterra,2172.77,128
2015-10-23,Italia,1080.04,50
2015-10-24,Francia,1990.09,98
2015-10-24,Francia,3675.89,155
2015-10-24,Francia,1704.15,85
2015-10-24,Italia,3539.13,151
2015-10-25,Francia,3402.73,254
2015-10-25,España,165.88,9
2015-10-26,Italia,960.01,40
2015-10-26,Inglaterra,4161.76,267
2015-10-26,España,2123.66,97
2015-10-26,Francia,1345.67,164
2015-10-26,Italia,2458.78,109
2015-10-27,España,312.64,13
2015-10-27,Italia,227.21,10
2015-10-27,Francia,4662.04,271
2015-10-28,Francia,2589.97,125
2015-10-28,Inglaterra,3045.03,261
2015-10-28,España,1437.29,91
2015-10-28,Italia,2894.89,167
2015-10-28,Inglaterra,1967.62,153
2015-10-28,España,4874.16,257
2015-10-29,Inglaterra,3930.55,331
2015-10-29,Francia,3685.06,177
2015-10-29,Francia,2556.84,231
2015-10-29,Francia,3799.17,314
2015-10-29,España,1784.73,77
2015-10-29,Italia,403.66,41
2015-10-29,España,1386.17,107
2015-10-30,Inglaterra,415.44,41
2015-10-30,Francia,1247.55,73
2015-10-31,Italia,4888.01,201
2015-10-31,Inglaterra,640.74,28
2015-10-31,España,1136.49,87
2015-10-31,España,1273.38,62
2015-10-31,Francia,4000.27,378
2015-10-31,Francia,1420.85,87
2015-11-01,Francia,1662.11,85
2015-11-02,Francia,4079.97,384
2015-11-02,Francia,197.52,16
2015-11-02,Italia,4161.6,242
2015-11-02,Inglaterra,4363.52,308
2015-11-02,Italia,2136.74,164
2015-11-02,Francia,4052.9,336
2015-11-02,Francia,2549.13,221
2015-11-02,Inglaterra,2247.83,124
2015-11-03,Italia,2908.33,198
2015-11-03,Francia,985.77,43
2015-11-03,Italia,692.98,38
2015-11-03,Francia,1550.09,98
2015-11-03,Francia,758.84,78
2015-11-03,Francia,1990.01,118
2015-11-03,España,3342.65,323
2015-11-03,Inglaterra,4303.99,286
2015-11-04,Inglaterra,3328.29,188
2015-11-04,Inglaterra,2206.3,97
2015-11-04,Francia,4605.21,293
2015-11-04,Francia,1208.72,54
2015-11-05,Italia,536.18,32
2015-11-05,Francia,4049.48,206
2015-11-05,Francia,2069.3,157
2015-11-05,España,4204.87,328
2015-11-06,Italia,4631.26,265
2015-11-06,Francia,3101.7,134
2015-11-06,Francia,2971.99,362
2015-11-06,Italia,3770.67,168
2015-11-06,Francia,173.06,15
2015-11-07,Francia,1749.86,98
2015-11-07,Inglaterra,4805.24,328
2015-11-07,Francia,1317.83,151
2015-11-07,España,3291.55,227
2015-11-07,Inglaterra,3841.87,376
2015-11-07,Italia,3557.54,249
2015-11-08,España,2225.26,113
2015-11-08,Francia,4310.87,192
2015-11-08,Francia,3607.67,193
2015-11-09,Francia,2642.56,243
2015-11-09,España,782.02,36
2015-11-09,Francia,4088.52,290
2015-11-10,Italia,1691.64,141
2015-11-10,Francia,4372.95,417
2015-11-10,Francia,247.94,13
2015-11-10,Italia,2913.39,140
2015-11-10,España,4637.44,306
2015-11-10,Italia,3617.55,242
2015-11-10,Francia,3243.69,134
2015-11-11,Italia,2054.3,141
2015-11-11,Inglaterra,1186.07,77
2015-11-12,Francia,1827.13,153
2015-11-12,Francia,1012.6,58
2015-11-12,España,4254.17,510
2015-11-12,España,3255.59,179
2015-11-12,Inglaterra,463.45,38
2015-11-12,España,2090.98,119
2015-11-12,Inglaterra,1845.62,75
2015-11-13,Francia,417.38,40
2015-11-13,Francia,1367.06,72
2015-11-13,Italia,1720.1,135
2015-11-14,España,2738.53,147
2015-11-15,Francia,2206.11,134
2015-11-15,Francia,4556.68,290
2015-11-15,España,4715.36,240
2015-11-15,Francia,2595.14,105
2015-11-15,España,3119.83,267
2015-11-15,Italia,1792.44,74
2015-11-15,España,3236.24,396
2015-11-15,Inglaterra,2175.27,122
2015-11-15,Italia,4174.69,492
2015-11-16,España,3099.19,284
2015-11-16,Francia,874.85,81
2015-11-16,Francia,4867.59,205
2015-11-16,Inglaterra,4084.99,268
2015-11-16,España,1299.47,65
2015-11-17,Italia,2595.52,271
2015-11-17,Inglaterra,1532.43,96
2015-11-17,España,2011.96,90
2015-11-18,Francia,1504.08,67
2015-11-18,España,1890.71,106
2015-11-18,Inglaterra,3917.61,215
2015-11-18,Francia,4073.98,297
2015-11-19,Inglaterra,3278.86,154
2015-11-19,Italia,1212.92,61
2015-11-19,Francia,1484.87,79
2015-11-20,Italia,2869.92,261
2015-11-20,Italia,4961.64,297
2015-11-20,España,2147.5,100
2015-11-20,Italia,1346.27,94
2015-11-21,España,3493.81,183
2015-11-21,Italia,3626.35,284
2015-11-21,Francia,861.47,42
2015-11-22,Francia,1333.62,80
2015-11-23,Inglaterra,2258.63,209
2015-11-23,Francia,3668.75,243
2015-11-23,Italia,665.46,31
2015-11-23,Francia,426.48,18
2015-11-25,Francia,3865.21,167
2015-11-25,Inglaterra,3399.62,185
2015-11-25,España,221.89,11
2015-11-25,Francia,3810.12,303
2015-11-25,España,651.78,52
2015-11-25,Francia,2019.3,102
2015-11-26,Francia,3035.59,144
2015-11-27,Francia,4444.96,306
2015-11-27,Francia,1163.99,95
2015-11-27,España,1517.83,147
2015-11-28,España,4847.41,402
2015-11-28,Francia,2612.15,220
2015-11-28,España,4456.81,242
2015-11-29,Francia,3148.62,367
2015-11-29,Italia,2412.49,119
2015-11-29,España,140.29,7
2015-11-29,Italia,209.5,19
2015-11-29,Inglaterra,1076.82,45
2015-11-29,Francia,2797.11,164
2015-11-29,España,4717.48,301
2015-11-29,Italia,3936.62,249
2015-11-29,Francia,834.48,58
2015-11-29,Italia,3302.47,191
2015-11-29,Italia,4770.06,252
2015-11-29,Inglaterra,935.75,81
2015-11-30,Italia,4387.17,416
2015-11-30,España,2177.39,94
2015-11-30,España,1686.86,77
2015-11-30,Francia,1643.77,95
2015-12-01,Inglaterra,4385.42,239
2015-12-01,España,4347.68,346
2015-12-01,Francia,3843.66,207
2015-12-01,Italia,3979.04,389
2015-12-01,Inglaterra,3945.39,161
2015-12-02,Francia,3188.96,130
2015-12-02,Francia,3255.32,148
2015-12-02,Francia,250.84,15
2015-12-02,Italia,2530.55,124
2015-12-02,Francia,494.17,22
2015-12-03,Italia,1710.1,167
2015-12-03,Inglaterra,3440.98,249
2015-12-03,Inglaterra,2394.31,286
2015-12-04,Inglaterra,3811.8,428
2015-12-04,España,2392.56,247
2015-12-04,España,4254.83,246
2015-12-04,Inglaterra,386.31,22
2015-12-04,Francia,3710.08,329
2015-12-04,España,595.27,30
2015-12-04,Francia,826.86,52
2015-12-05,España,194.24,17
2015-12-05,España,1971.97,97
2015-12-05,España,1088.35,44
2015-12-06,España,3424.13,201
2015-12-06,Francia,2754.27,125
2015-12-06,Italia,2708.42,126
2015-12-06,Italia,4497.79,409
2015-12-07,Francia,1639.78,121
2015-12-07,España,2986.68,227
2015-12-07,Francia,1939.94,138
2015-12-07,Italia,334.27,37
2015-12-07,Francia,1447.05,69
2015-12-07,Francia,1027.85,99
2015-12-07,Francia,1011.44,46
2015-12-08,España,313.45,25
2015-12-08,Francia,2093.37,98
2015-12-08,España,4325.13,229
2015-12-08,Italia,1718.75,71
2015-12-09,España,1251.15,70
2015-12-09,Francia,463.38,20
2015-12-09,Francia,2408.44,201
2015-12-09,España,2329.75,105
2015-12-09,Francia,4417.87,289
2015-12-09,Francia,904.66,45
2015-12-10,Inglaterra,3525.03,167
2015-12-10,Francia,2809.89,278
2015-12-10,Francia,2153.07,91
2015-12-10,Inglaterra,459.58,39
2015-12-11,España,4779.98,281
2015-12-11,Francia,3569.32,265
2015-12-13,Italia,746.0,32
2015-12-13,Inglaterra,1433.21,73
2015-12-13,Inglaterra,1885.61,228
2015-12-13,Francia,3898.43,201
2015-12-13,España,2033.68,230
2015-12-13,Italia,829.06,90
2015-12-13,Francia,4765.09,531
2015-12-14,España,1292.18,56
2015-12-14,Italia,576.55,27
2015-12-14,España,2355.01,112
2015-12-14,Italia,2128.93,113
2015-12-15,Italia,2626.18,320
2015-12-16,Italia,2694.86,128
2015-12-16,Francia,2562.94,151
2015-12-16,Inglaterra,1504.63,73
2015-12-16,Inglaterra,4048.94,237
2015-12-17,Italia,4311.69,268
2015-12-17,España,3657.25,237
2015-12-18,Italia,2983.32,154
2015-12-18,Italia,4828.65,195
2015-12-18,Francia,3317.62,332
2015-12-18,Francia,1443.27,86
2015-12-18,España,1072.16,62
2015-12-19,Francia,1617.89,100
2015-12-19,Francia,1386.04,97
2015-12-19,Francia,3850.94,239
2015-12-19,España,3666.49,170
2015-12-19,España,2164.75,130
2015-12-19,Francia,1856.0,88
2015-12-19,Francia,1445.72,72
2015-12-19,Inglaterra,1438.7,128
2015-12-19,Italia,106.53,7
2015-12-19,Italia,2480.52,161
2015-12-20,Francia,2947.42,259
2015-12-20,Francia,2216.92,134
2015-12-20,España,2986.29,183
2015-12-20,Francia,4084.21,320
2015-12-20,Francia,3573.88,350
2015-12-22,Francia,2421.66,102
2015-12-22,España,1333.16,127
2015-12-22,España,3374.36,361
2015-12-23,Francia,1532.98,129
2015-12-23,España,2105.79,135
2015-12-23,España,2274.59,124
2015-12-23,España,1727.65,86
2015-12-23,Francia,4237.69,201
2015-12-23,Francia,4508.82,208
2015-12-23,Italia,2323.88,137
2015-12-24,Inglaterra,2409.13,103
2015-12-24,España,3993.31,221
2015-12-24,España,480.56,42
2015-12-25,Inglaterra,4646.43,316
2015-12-25,Francia,4612.34,413
2015-12-25,Inglaterra,2196.56,111
2015-12-25,Francia,4075.9,165
2015-12-25,España,2335.58,125
2015-12-25,Francia,2329.31,115
2015-12-25,Francia,989.34,64
2015-12-25,España,1232.76,53
2015-12-26,Francia,1599.43,111
2015-12-26,Francia,2133.88,123
2015-12-26,España,1007.59,94
2015-12-26,Francia,4630.6,415
2015-12-26,Inglaterra,1964.82,120
2015-12-26,Francia,2181.85,240
2015-12-27,Italia,440.45,26
2015-12-27,Italia,3826.46,281
2015-12-28,Francia,4251.07,203
2015-12-28,Francia,4593.52,185
2015-12-28,España,3091.48,186
2015-12-28,Italia,311.75,15
2015-12-29,Inglaterra,3332.68,163
2015-12-29,España,3355.29,203
2015-12-29,España,3827.96,167
2015-12-29,Francia,948.31,61
2015-12-29,Italia,2189.31,125
2015-12-29,Francia,2714.65,184
2015-12-29,Francia,1975.84,121
2015-12-29,Italia,2000.7,95
2015-12-30,Italia,3437.75,220
2015-12-30,Francia,4960.79,203
2015-12-30,Francia,4175.04,175
2015-12-30,Francia,3744.94,154
2015-12-30,Inglaterra,4913.99,423
2015-12-30,Francia,681.41,31
2015-12-31,Francia,1027.8,45
2015-12-31,España,2201.95,121
